{
	"alarms":[
	],
	"pokemon":{
		"Bisasam":"False",
		"Bisaknosp":"False",
		"Bisaflor":"False",
		"Glumanda":"False",
		"Glutexo":"False",
		"Glurak":"False",
		"Schiggy":"False",
		"Schillok":"False",
		"Turtok":"False",
		"Raupy":"False",
		"Safcon":"False",
		"Smettbo":"False",
		"Hornliu":"False",
		"Kokuna":"False",
		"Bibor":"False",
		"Taubsi":"False",
		"Tauboga":"False",
		"Tauboss":"False",
		"Rattfratz":"False",
		"Rattikarl":"False",
		"Habitak":"False",
		"Ibitak":"False",
		"Rettan":"False",
		"Arbok":"False",
		"Pikachu":"False",
		"Raichu":"False",
		"Sandan":"False",
		"Sandamer":"False",
		"Nidoran♀":"False",
		"Nidorina":"False",
		"Nidoqueen":"False",
		"Nidoran♂":"False",
		"Nidorino":"False",
		"Nidoking":"False",
		"Piepi":"False",
		"Pixi":"False",
		"Vulpix":"False",
		"Vulnona":"False",
		"Pummeluff":"False",
		"Knuddeluff":"False",
		"Zubat":"False",
		"Golbat":"False",
		"Myrapla":"False",
		"Duflor":"False",
		"Giflor":"False",
		"Paras":"False",
		"Parasek":"False",
		"Bluzuk":"False",
		"Omot":"False",
		"Digda":"False",
		"Digdri":"False",
		"Mauzi":"False",
		"Snobilikat":"False",
		"Enton":"False",
		"Entoron":"False",
		"Menki":"False",
		"Rasaff":"False",
		"Fukano":"False",
		"Arkani":"False",
		"Quapsel":"False",
		"Quaputzi":"False",
		"Quappo":"False",
		"Abra":"False",
		"Kadabra":"False",
		"Simsala":"False",
		"Machollo":"False",
		"Maschock":"False",
		"Machomei":"False",
		"Knofensa":"False",
		"Ultrigaria":"False",
		"Sarzenia":"False",
		"Tentacha":"False",
		"Tentoxa":"False",
		"Kleinstein":"False",
		"Georok":"False",
		"Geowaz":"False",
		"Ponita":"False",
		"Gallopa":"False",
		"Flegmon":"False",
		"Lahmus":"False",
		"Magnetilo":"False",
		"Magneton":"False",
		"Porenta":"False",
		"Dodu":"False",
		"Dodri":"False",
		"Jurob":"False",
		"Jugong":"False",
		"Sleima":"False",
		"Sleimok":"False",
		"Muschas":"False",
		"Austos":"False",
		"Nebulak":"False",
		"Alpollo":"False",
		"Gengar":"False",
		"Onix":"False",
		"Traumato":"False",
		"Hypno":"False",
		"Krabby":"False",
		"Kingler":"False",
		"Voltobal":"False",
		"Lektrobal":"False",
		"Owei":"False",
		"Kokowei":"False",
		"Tragosso":"False",
		"Knogga":"False",
		"Kicklee":"False",
		"Nockchan":"False",
		"Schlurp":"False",
		"Smogon":"False",
		"Smogmog":"False",
		"Rihorn":"False",
		"Rizeros":"False",
		"Chaneira":"False",
		"Tangela":"False",
		"Kangama":"False",
		"Seeper":"False",
		"Seemon":"False",
		"Goldini":"False",
		"Golking":"False",
		"Sterndu":"False",
		"Starmie":"False",
		"Pantimos":"False",
		"Sichlor":"False",
		"Rossana":"False",
		"Elektek":"False",
		"Magmar":"False",
		"Pinsir":"False",
		"Tauros":"False",
		"Karpador":"False",
		"Garados":"False",
		"Lapras":"False",
		"Ditto":"False",
		"Evoli":"False",
		"Aquana":"False",
		"Blitza":"False",
		"Flamara":"False",
		"Porygon":"False",
		"Amonitas":"False",
		"Amoroso":"False",
		"Kabuto":"False",
		"Kabutops":"False",
		"Aerodactyl":"False",
		"Relaxo":"False",
		"Arktos":"False",
		"Zapdos":"False",
		"Lavados":"False",
		"Dratini":"False",
		"Dragonir":"False",
		"Dragoran":"False",
		"Mewtu":"False",
		"Mew":"False",
		"Endivie":"False",
		"Lorblatt":"False",
		"Meganie":"False",
		"Feurigel":"False",
		"Igelavar":"False",
		"Tornupto":"False",
		"Karnimani":"False",
		"Tyracroc":"False",
		"Impergator":"False",
		"Wiesor":"False",
		"Wiesenior":"False",
		"Hoothoot":"False",
		"Noctuh":"False",
		"Ledyba":"False",
		"Ledian":"False",
		"Webarak":"False",
		"Ariados":"False",
		"Iksbat":"False",
		"Lampi":"False",
		"Lanturn":"False",
		"Pichu":"False",
		"Pii":"False",
		"Fluffeluff":"False",
		"Togepi":"False",
		"Togetic":"False",
		"Natu":"False",
		"Xatu":"False",
		"Voltilamm":"False",
		"Waaty":"False",
		"Ampharos":"False",
		"Blubella":"False",
		"Marill":"False",
		"Azumarill":"False",
		"Mogelbaum":"False",
		"Quaxo":"False",
		"Hoppspross":"False",
		"Hubelupf":"False",
		"Papungha":"False",
		"Griffel":"False",
		"Sonnkern":"False",
		"Sonnflora":"False",
		"Yanma":"False",
		"Felino":"False",
		"Morlord":"False",
		"Psiana":"False",
		"Nachtara":"False",
		"Kramurx":"False",
		"Laschoking":"False",
		"Traunfugil":"False",
		"Icognito":"False",
		"Woingenau":"False",
		"Girafarig":"False",
		"Tannza":"False",
		"Forstellka":"False",
		"Dummisel":"False",
		"Skorgla":"False",
		"Stahlos":"False",
		"Snubbull":"False",
		"Granbull":"False",
		"Baldorfish":"False",
		"Scherox":"False",
		"Pottrott":"False",
		"Skaraborn":"False",
		"Sniebel":"False",
		"Teddiursa":"False",
		"Ursaring":"False",
		"Schneckmag":"False",
		"Magcargo":"False",
		"Quiekel":"False",
		"Keifel":"False",
		"Corasonn":"False",
		"Remoraid":"False",
		"Octillery":"False",
		"Botogel":"False",
		"Mantax":"False",
		"Panzaeron":"False",
		"Hunduster":"False",
		"Hundemon":"False",
		"Seedraking":"False",
		"Phanpy":"False",
		"Donphan":"False",
		"Porygon2":"False",
		"Damhirplex":"False",
		"Farbeagle":"False",
		"Rabauz":"False",
		"Kapoera":"False",
		"Kussilla":"False",
		"Elekid":"False",
		"Magby":"False",
		"Miltank":"False",
		"Heiteira":"False",
		"Raikou":"False",
		"Entei":"False",
		"Suicune":"False",
		"Larvitar":"False",
		"Pupitar":"False",
		"Despotar":"False",
		"Lugia":"False",
		"Ho-Oh":"False",
		"Celebi":"False",
		"Geckarbor":"False",
		"Reptain":"False",
		"Gewaldro":"False",
		"Flemmli":"False",
		"Jungglut":"False",
		"Lohgock":"False",
		"Hydropi":"False",
		"Moorabbel":"False",
		"Sumpex":"False",
		"Fiffyen":"False",
		"Magnayen":"False",
		"Zigzachs":"False",
		"Geradaks":"False",
		"Waumpel":"False",
		"Schaloko":"False",
		"Papinella":"False",
		"Panekon":"False",
		"Pudox":"False",
		"Loturzel":"False",
		"Lombrero":"False",
		"Kappalores":"False",
		"Samurzel":"False",
		"Blanas":"False",
		"Tengulist":"False",
		"Schwalbini":"False",
		"Schwalboss":"False",
		"Wingull":"False",
		"Pelipper":"False",
		"Trasla":"False",
		"Kirlia":"False",
		"Guardevoir":"False",
		"Gehweiher":"False",
		"Maskeregen":"False",
		"Knilz":"False",
		"Kapilz":"False",
		"Bummelz":"False",
		"Muntier":"False",
		"Letarking":"False",
		"Nincada":"False",
		"Ninjask":"False",
		"Ninjatom":"False",
		"Flurmel":"False",
		"Krakeelo":"False",
		"Krawumms":"False",
		"Makuhita":"False",
		"Hariyama":"False",
		"Azurill":"False",
		"Nasgnet":"False",
		"Eneco":"False",
		"Enekoro":"False",
		"Zobiris":"False",
		"Flunkifer":"False",
		"Stollunior":"False",
		"Stollrak":"False",
		"Stolloss":"False",
		"Meditie":"False",
		"Meditalis":"False",
		"Frizelbliz":"False",
		"Voltenso":"False",
		"Plusle":"False",
		"Minun":"False",
		"Volbeat":"False",
		"Illumise":"False",
		"Roselia":"False",
		"Schluppuck":"False",
		"Schlukwech":"False",
		"Kanivanha":"False",
		"Tohaido":"False",
		"Wailmer":"False",
		"Wailord":"False",
		"Camaub":"False",
		"Camerupt":"False",
		"Qurtel":"False",
		"Spoink":"False",
		"Groink":"False",
		"Pandir":"False",
		"Knacklion":"False",
		"Vibrava":"False",
		"Libelldra":"False",
		"Tuska":"False",
		"Noktuska":"False",
		"Wablu":"False",
		"Altaria":"False",
		"Sengo":"False",
		"Vipitis":"False",
		"Lunastein":"False",
		"Sonnfel":"False",
		"Schmerbe":"False",
		"Welsar":"False",
		"Krebscorps":"False",
		"Krebutack":"False",
		"Puppance":"False",
		"Lepumentas":"False",
		"Liliep":"False",
		"Wielie":"False",
		"Anorith":"False",
		"Armaldo":"False",
		"Barschwa":"False",
		"Milotic":"False",
		"Formeo":"False",
		"Kecleon":"False",
		"Shuppet":"False",
		"Banette":"False",
		"Zwirrlicht":"False",
		"Zwirrklop":"False",
		"Tropius":"False",
		"Palimpalim":"False",
		"Absol":"False",
		"Isso":"False",
		"Schneppke":"False",
		"Firnontor":"False",
		"Seemops":"False",
		"Seejong":"False",
		"Walraisa":"False",
		"Perlu":"False",
		"Aalabyss":"False",
		"Saganabyss":"False",
		"Relicanth":"False",
		"Liebiskus":"False",
		"Kindwurm":"False",
		"Draschel":"False",
		"Brutalanda":"False",
		"Tanhel":"False",
		"Metang":"False",
		"Metagross":"False",
		"Regirock":"False",
		"Regice":"False",
		"Registeel":"False",
		"Latias":"False",
		"Latios":"False",
		"Kyogre":"False",
		"Groudon":"False",
		"Rayquaza":"False",
		"Jirachi":"False",
		"Deoxys":"False",
		"Chelast":"False",
		"Chelcarain":"False",
		"Chelterrar":"False",
		"Panflam":"False",
		"Panpyro":"False",
		"Panferno":"False",
		"Plinfa":"False",
		"Pliprin":"False",
		"Impoleon":"False",
		"Staralili":"False",
		"Staravia":"False",
		"Staraptor":"False",
		"Bidiza":"False",
		"Bidifas":"False",
		"Zirpurze":"False",
		"Zirpeise":"False",
		"Sheinux":"False",
		"Luxio":"False",
		"Luxtra":"False",
		"Knospi":"False",
		"Roserade":"False",
		"Koknodon":"False",
		"Rameidon":"False",
		"Schilterus":"False",
		"Bollterus":"False",
		"Burmy":"False",
		"Burmadame":"False",
		"Moterpel":"False",
		"Wadribie":"False",
		"Honweisel":"False",
		"Pachirisu":"False",
		"Bamelin":"False",
		"Bojelin":"False",
		"Kikugi":"False",
		"Kinoso":"False",
		"Schalellos":"False",
		"Gastrodon":"False",
		"Ambidiffel":"False",
		"Driftlon":"False",
		"Drifzepeli":"False",
		"Haspiror":"False",
		"Schlapor":"False",
		"Traunmagil":"False",
		"Kramshef":"False",
		"Charmian":"False",
		"Shnurgarst":"False",
		"Klingplim":"False",
		"Skunkapuh":"False",
		"Skuntank":"False",
		"Bronzel":"False",
		"Bronzong":"False",
		"Mobai":"False",
		"Pantimimi":"False",
		"Wonneira":"False",
		"Plaudagei":"False",
		"Kryppuk":"False",
		"Kaumalat":"False",
		"Knarksel":"False",
		"Knakrack":"False",
		"Mampfaxo":"False",
		"Riolu":"False",
		"Lucario":"False",
		"Hippopotas":"False",
		"Hippoterus":"False",
		"Pionskora":"False",
		"Piondragi":"False",
		"Glibunkel":"False",
		"Toxiquak":"False",
		"Venuflibis":"False",
		"Finneon":"False",
		"Lumineon":"False",
		"Mantirps":"False",
		"Shnebedeck":"False",
		"Rexblisar":"False",
		"Snibunna":"False",
		"Magnezone":"False",
		"Schlurplek":"False",
		"Rihornior":"False",
		"Tangoloss":"False",
		"Elevoltek":"False",
		"Magbrant":"False",
		"Togekiss":"False",
		"Yanmega":"False",
		"Folipurba":"False",
		"Glaziola":"False",
		"Skorgro":"False",
		"Mamutel":"False",
		"Porygon-Z":"False",
		"Galagladi":"False",
		"Voluminas":"False",
		"Zwirrfinst":"False",
		"Frosdedje":"False",
		"Rotom":"False",
		"Selfe":"False",
		"Vesprit":"False",
		"Tobutz":"False",
		"Dialga":"False",
		"Palkia":"False",
		"Heatran":"False",
		"Regigigas":"False",
		"Giratina":"False",
		"Cresselia":"False",
		"Phione":"False",
		"Manaphy":"False",
		"Darkrai":"False",
		"Shaymin":"False",
		"Arceus":"False",
		"Victini":"False",
		"Serpifeu":"False",
		"Efoserp":"False",
		"Serpiroyal":"False",
		"Floink":"False",
		"Ferkokel":"False",
		"Flambirex":"False",
		"Ottaro":"False",
		"Zwottronin":"False",
		"Admurai":"False",
		"Nagelotz":"False",
		"Kukmarda":"False",
		"Yorkleff":"False",
		"Terribark":"False",
		"Bissbark":"False",
		"Felilou":"False",
		"Kleoparda":"False",
		"Vegimak":"False",
		"Vegichita":"False",
		"Grillmak":"False",
		"Grillchita":"False",
		"Sodamak":"False",
		"Sodachita":"False",
		"Somniam":"False",
		"Somnivora":"False",
		"Dusselgurr":"False",
		"Navitaub":"False",
		"Fasasnob":"False",
		"Elezeba":"False",
		"Zebritz":"False",
		"Kiesling":"False",
		"Sedimantur":"False",
		"Brockoloss":"False",
		"Fleknoil":"False",
		"Fletiamo":"False",
		"Rotomurf":"False",
		"Stalobor":"False",
		"Ohrdoch":"False",
		"Praktibalk":"False",
		"Strepoli":"False",
		"Meistagrif":"False",
		"Schallquap":"False",
		"Mebrana":"False",
		"Branawarz":"False",
		"Jiutesto":"False",
		"Karadonis":"False",
		"Strawickl":"False",
		"Folikon":"False",
		"Matrifol":"False",
		"Toxiped":"False",
		"Rollum":"False",
		"Cerapendra":"False",
		"Waumboll":"False",
		"Elfun":"False",
		"Lilminip":"False",
		"Dressella":"False",
		"Barschuft":"False",
		"Ganovil":"False",
		"Rokkaiman":"False",
		"Rabigator":"False",
		"Flampion":"False",
		"Flampivian":"False",
		"Maracamba":"False",
		"Lithomith":"False",
		"Castellith":"False",
		"Zurrokex":"False",
		"Irokex":"False",
		"Symvolara":"False",
		"Makabaja":"False",
		"Echnatoll":"False",
		"Galapaflos":"False",
		"Karippas":"False",
		"Flapteryx":"False",
		"Aeropteryx":"False",
		"Unratütox":"False",
		"Deponitox":"False",
		"Zorua":"False",
		"Zoroark":"False",
		"Picochilla":"False",
		"Chillabell":"False",
		"Mollimorba":"False",
		"Hypnomorba":"False",
		"Morbitesse":"False",
		"Monozyto":"False",
		"Mitodos":"False",
		"Zytomega":"False",
		"Piccolente":"False",
		"Swaroness":"False",
		"Gelatini":"False",
		"Gelatroppo":"False",
		"Gelatwino":"False",
		"Sesokitz":"False",
		"Kronjuwild":"False",
		"Emolga":"False",
		"Laukaps":"False",
		"Cavalanzas":"False",
		"Tarnpignon":"False",
		"Hutsassa":"False",
		"Quabbel":"False",
		"Apoquallyp":"False",
		"Mamolida":"False",
		"Wattzapf":"False",
		"Voltula":"False",
		"Kastadur":"False",
		"Tentantel":"False",
		"Klikk":"False",
		"Kliklak":"False",
		"Klikdiklak":"False",
		"Zapplardin":"False",
		"Zapplalek":"False",
		"Zapplarang":"False",
		"Pygraulon":"False",
		"Megalon":"False",
		"Lichtel":"False",
		"Laternecto":"False",
		"Skelabra":"False",
		"Milza":"False",
		"Sharfax":"False",
		"Maxax":"False",
		"Petznief":"False",
		"Siberio":"False",
		"Frigometri":"False",
		"Schnuthelm":"False",
		"Hydragil":"False",
		"Flunschlik":"False",
		"Lin-Fu":"False",
		"Wie-Shu":"False",
		"Shardrago":"False",
		"Golbit":"False",
		"Golgantes":"False",
		"Gladiantri":"False",
		"Caesurio":"False",
		"Bisofank":"False",
		"Geronimatz":"False",
		"Washakwil":"False",
		"Skallyk":"False",
		"Grypheldis":"False",
		"Furnifraß":"False",
		"Fermicula":"False",
		"Kapuno":"False",
		"Duodino":"False",
		"Trikephalo":"False",
		"Ignivor":"False",
		"Ramoth":"False",
		"Kobalium":"False",
		"Terrakium":"False",
		"Viridium":"False",
		"Boreos":"False",
		"Voltolos":"False",
		"Reshiram":"False",
		"Zekrom":"False",
		"Demeteros":"False",
		"Kyurem":"False",
		"Keldeo":"False",
		"Meloetta":"False",
		"Genesect":"False",
		"Igamaro":"False",
		"Igastarnish":"False",
		"Brigaron":"False",
		"Fynx":"False",
		"Rutena":"False",
		"Fennexis":"False",
		"Froxy":"False",
		"Amphizel":"False",
		"Quajutsu":"False",
		"Scoppel":"False",
		"Grebbit":"False",
		"Dartiri":"False",
		"Dartignis":"False",
		"Fiaro":"False",
		"Purmel":"False",
		"Puponcho":"False",
		"Vivillon":"False",
		"Leufeo":"False",
		"Pyroleo":"False",
		"Flabébé":"False",
		"FLOETTE":"False",
		"Florges":"False",
		"Mähikel":"False",
		"Chevrumm":"False",
		"Pam-Pam":"False",
		"Pandagro":"False",
		"Coiffwaff":"False",
		"Psiau":"False",
		"Psiaugon":"False",
		"Gramokles":"False",
		"Duokles":"False",
		"Durengard":"False",
		"Parfi":"False",
		"Parfinesse":"False",
		"Flauschling":"False",
		"Sabbaione":"False",
		"Iscalar":"False",
		"Calamanero":"False",
		"Bithora":"False",
		"Thanathora":"False",
		"Algitt":"False",
		"Tandrak":"False",
		"Scampisto":"False",
		"Wummer":"False",
		"Eguana":"False",
		"Elezard":"False",
		"Balgoras":"False",
		"Monargoras":"False",
		"Amarino":"False",
		"Amagarga":"False",
		"Feelinara":"False",
		"Resladero":"False",
		"DEDENNE":"False",
		"Rocara":"False",
		"Viscora":"False",
		"Viscargot":"False",
		"Viscogon":"False",
		"Clavion":"False",
		"Paragoni":"False",
		"Trombork":"False",
		"Irrbis":"False",
		"Pumpdjinn":"False",
		"Arktip":"False",
		"Arktilas":"False",
		"eF-eM":"False",
		"UHaFnir":"False",
		"Xerneas":"False",
		"Yveltal":"False",
		"Zygarde":"False",
		"Diancie":"False",
		"Hoopa":"False",
		"Volcanion":"False",
{
	"alarms":[
	],
	"pokemon":{
		"Bisasam":"False",
		"Bisaknosp":"False",
		"Bisaflor":"False",
		"Glumanda":"False",
		"Glutexo":"False",
		"Glurak":"False",
		"Schiggy":"False",
		"Schillok":"False",
		"Turtok":"False",
		"Raupy":"False",
		"Safcon":"False",
		"Smettbo":"False",
		"Hornliu":"False",
		"Kokuna":"False",
		"Bibor":"False",
		"Taubsi":"False",
		"Tauboga":"False",
		"Tauboss":"False",
		"Rattfratz":"False",
		"Rattikarl":"False",
		"Habitak":"False",
		"Ibitak":"False",
		"Rettan":"False",
		"Arbok":"False",
		"Pikachu":"False",
		"Raichu":"False",
		"Sandan":"False",
		"Sandamer":"False",
		"Nidoran♀":"False",
		"Nidorina":"False",
		"Nidoqueen":"False",
		"Nidoran♂":"False",
		"Nidorino":"False",
		"Nidoking":"False",
		"Piepi":"False",
		"Pixi":"False",
		"Vulpix":"False",
		"Vulnona":"False",
		"Pummeluff":"False",
		"Knuddeluff":"False",
		"Zubat":"False",
		"Golbat":"False",
		"Myrapla":"False",
		"Duflor":"False",
		"Giflor":"False",
		"Paras":"False",
		"Parasek":"False",
		"Bluzuk":"False",
		"Omot":"False",
		"Digda":"False",
		"Digdri":"False",
		"Mauzi":"False",
		"Snobilikat":"False",
		"Enton":"False",
		"Entoron":"False",
		"Menki":"False",
		"Rasaff":"False",
		"Fukano":"False",
		"Arkani":"False",
		"Quapsel":"False",
		"Quaputzi":"False",
		"Quappo":"False",
		"Abra":"False",
		"Kadabra":"False",
		"Simsala":"False",
		"Machollo":"False",
		"Maschock":"False",
		"Machomei":"False",
		"Knofensa":"False",
		"Ultrigaria":"False",
		"Sarzenia":"False",
		"Tentacha":"False",
		"Tentoxa":"False",
		"Kleinstein":"False",
		"Georok":"False",
		"Geowaz":"False",
		"Ponita":"False",
		"Gallopa":"False",
		"Flegmon":"False",
		"Lahmus":"False",
		"Magnetilo":"False",
		"Magneton":"False",
		"Porenta":"False",
		"Dodu":"False",
		"Dodri":"False",
		"Jurob":"False",
		"Jugong":"False",
		"Sleima":"False",
		"Sleimok":"False",
		"Muschas":"False",
		"Austos":"False",
		"Nebulak":"False",
		"Alpollo":"False",
		"Gengar":"False",
		"Onix":"False",
		"Traumato":"False",
		"Hypno":"False",
		"Krabby":"False",
		"Kingler":"False",
		"Voltobal":"False",
		"Lektrobal":"False",
		"Owei":"False",
		"Kokowei":"False",
		"Tragosso":"False",
		"Knogga":"False",
		"Kicklee":"False",
		"Nockchan":"False",
		"Schlurp":"False",
		"Smogon":"False",
		"Smogmog":"False",
		"Rihorn":"False",
		"Rizeros":"False",
		"Chaneira":"False",
		"Tangela":"False",
		"Kangama":"False",
		"Seeper":"False",
		"Seemon":"False",
		"Goldini":"False",
		"Golking":"False",
		"Sterndu":"False",
		"Starmie":"False",
		"Pantimos":"False",
		"Sichlor":"False",
		"Rossana":"False",
		"Elektek":"False",
		"Magmar":"False",
		"Pinsir":"False",
		"Tauros":"False",
		"Karpador":"False",
		"Garados":"False",
		"Lapras":"False",
		"Ditto":"False",
		"Evoli":"False",
		"Aquana":"False",
		"Blitza":"False",
		"Flamara":"False",
		"Porygon":"False",
		"Amonitas":"False",
		"Amoroso":"False",
		"Kabuto":"False",
		"Kabutops":"False",
		"Aerodactyl":"False",
		"Relaxo":"False",
		"Arktos":"False",
		"Zapdos":"False",
		"Lavados":"False",
		"Dratini":"False",
		"Dragonir":"False",
		"Dragoran":"False",
		"Mewtu":"False",
		"Mew":"False",
		"Endivie":"False",
		"Lorblatt":"False",
		"Meganie":"False",
		"Feurigel":"False",
		"Igelavar":"False",
		"Tornupto":"False",
		"Karnimani":"False",
		"Tyracroc":"False",
		"Impergator":"False",
		"Wiesor":"False",
		"Wiesenior":"False",
		"Hoothoot":"False",
		"Noctuh":"False",
		"Ledyba":"False",
		"Ledian":"False",
		"Webarak":"False",
		"Ariados":"False",
		"Iksbat":"False",
		"Lampi":"False",
		"Lanturn":"False",
		"Pichu":"False",
		"Pii":"False",
		"Fluffeluff":"False",
		"Togepi":"False",
		"Togetic":"False",
		"Natu":"False",
		"Xatu":"False",
		"Voltilamm":"False",
		"Waaty":"False",
		"Ampharos":"False",
		"Blubella":"False",
		"Marill":"False",
		"Azumarill":"False",
		"Mogelbaum":"False",
		"Quaxo":"False",
		"Hoppspross":"False",
		"Hubelupf":"False",
		"Papungha":"False",
		"Griffel":"False",
		"Sonnkern":"False",
		"Sonnflora":"False",
		"Yanma":"False",
		"Felino":"False",
		"Morlord":"False",
		"Psiana":"False",
		"Nachtara":"False",
		"Kramurx":"False",
		"Laschoking":"False",
		"Traunfugil":"False",
		"Icognito":"False",
		"Woingenau":"False",
		"Girafarig":"False",
		"Tannza":"False",
		"Forstellka":"False",
		"Dummisel":"False",
		"Skorgla":"False",
		"Stahlos":"False",
		"Snubbull":"False",
		"Granbull":"False",
		"Baldorfish":"False",
		"Scherox":"False",
		"Pottrott":"False",
		"Skaraborn":"False",
		"Sniebel":"False",
		"Teddiursa":"False",
		"Ursaring":"False",
		"Schneckmag":"False",
		"Magcargo":"False",
		"Quiekel":"False",
		"Keifel":"False",
		"Corasonn":"False",
		"Remoraid":"False",
		"Octillery":"False",
		"Botogel":"False",
		"Mantax":"False",
		"Panzaeron":"False",
		"Hunduster":"False",
		"Hundemon":"False",
		"Seedraking":"False",
		"Phanpy":"False",
		"Donphan":"False",
		"Porygon2":"False",
		"Damhirplex":"False",
		"Farbeagle":"False",
		"Rabauz":"False",
		"Kapoera":"False",
		"Kussilla":"False",
		"Elekid":"False",
		"Magby":"False",
		"Miltank":"False",
		"Heiteira":"False",
		"Raikou":"False",
		"Entei":"False",
		"Suicune":"False",
		"Larvitar":"False",
		"Pupitar":"False",
		"Despotar":"False",
		"Lugia":"False",
		"Ho-Oh":"False",
		"Celebi":"False",
		"Geckarbor":"False",
		"Reptain":"False",
		"Gewaldro":"False",
		"Flemmli":"False",
		"Jungglut":"False",
		"Lohgock":"False",
		"Hydropi":"False",
		"Moorabbel":"False",
		"Sumpex":"False",
		"Fiffyen":"False",
		"Magnayen":"False",
		"Zigzachs":"False",
		"Geradaks":"False",
		"Waumpel":"False",
		"Schaloko":"False",
		"Papinella":"False",
		"Panekon":"False",
		"Pudox":"False",
		"Loturzel":"False",
		"Lombrero":"False",
		"Kappalores":"False",
		"Samurzel":"False",
		"Blanas":"False",
		"Tengulist":"False",
		"Schwalbini":"False",
		"Schwalboss":"False",
		"Wingull":"False",
		"Pelipper":"False",
		"Trasla":"False",
		"Kirlia":"False",
		"Guardevoir":"False",
		"Gehweiher":"False",
		"Maskeregen":"False",
		"Knilz":"False",
		"Kapilz":"False",
		"Bummelz":"False",
		"Muntier":"False",
		"Letarking":"False",
		"Nincada":"False",
		"Ninjask":"False",
		"Ninjatom":"False",
		"Flurmel":"False",
		"Krakeelo":"False",
		"Krawumms":"False",
		"Makuhita":"False",
		"Hariyama":"False",
		"Azurill":"False",
		"Nasgnet":"False",
		"Eneco":"False",
		"Enekoro":"False",
		"Zobiris":"False",
		"Flunkifer":"False",
		"Stollunior":"False",
		"Stollrak":"False",
		"Stolloss":"False",
		"Meditie":"False",
		"Meditalis":"False",
		"Frizelbliz":"False",
		"Voltenso":"False",
		"Plusle":"False",
		"Minun":"False",
		"Volbeat":"False",
		"Illumise":"False",
		"Roselia":"False",
		"Schluppuck":"False",
		"Schlukwech":"False",
		"Kanivanha":"False",
		"Tohaido":"False",
		"Wailmer":"False",
		"Wailord":"False",
		"Camaub":"False",
		"Camerupt":"False",
		"Qurtel":"False",
		"Spoink":"False",
		"Groink":"False",
		"Pandir":"False",
		"Knacklion":"False",
		"Vibrava":"False",
		"Libelldra":"False",
		"Tuska":"False",
		"Noktuska":"False",
		"Wablu":"False",
		"Altaria":"False",
		"Sengo":"False",
		"Vipitis":"False",
		"Lunastein":"False",
		"Sonnfel":"False",
		"Schmerbe":"False",
		"Welsar":"False",
		"Krebscorps":"False",
		"Krebutack":"False",
		"Puppance":"False",
		"Lepumentas":"False",
		"Liliep":"False",
		"Wielie":"False",
		"Anorith":"False",
		"Armaldo":"False",
		"Barschwa":"False",
		"Milotic":"False",
		"Formeo":"False",
		"Kecleon":"False",
		"Shuppet":"False",
		"Banette":"False",
		"Zwirrlicht":"False",
		"Zwirrklop":"False",
		"Tropius":"False",
		"Palimpalim":"False",
		"Absol":"False",
		"Isso":"False",
		"Schneppke":"False",
		"Firnontor":"False",
		"Seemops":"False",
		"Seejong":"False",
		"Walraisa":"False",
		"Perlu":"False",
		"Aalabyss":"False",
		"Saganabyss":"False",
		"Relicanth":"False",
		"Liebiskus":"False",
		"Kindwurm":"False",
		"Draschel":"False",
		"Brutalanda":"False",
		"Tanhel":"False",
		"Metang":"False",
		"Metagross":"False",
		"Regirock":"False",
		"Regice":"False",
		"Registeel":"False",
		"Latias":"False",
		"Latios":"False",
		"Kyogre":"False",
		"Groudon":"False",
		"Rayquaza":"False",
		"Jirachi":"False",
		"Deoxys":"False",
		"Chelast":"False",
		"Chelcarain":"False",
		"Chelterrar":"False",
		"Panflam":"False",
		"Panpyro":"False",
		"Panferno":"False",
		"Plinfa":"False",
		"Pliprin":"False",
		"Impoleon":"False",
		"Staralili":"False",
		"Staravia":"False",
		"Staraptor":"False",
		"Bidiza":"False",
		"Bidifas":"False",
		"Zirpurze":"False",
		"Zirpeise":"False",
		"Sheinux":"False",
		"Luxio":"False",
		"Luxtra":"False",
		"Knospi":"False",
		"Roserade":"False",
		"Koknodon":"False",
		"Rameidon":"False",
		"Schilterus":"False",
		"Bollterus":"False",
		"Burmy":"False",
		"Burmadame":"False",
		"Moterpel":"False",
		"Wadribie":"False",
		"Honweisel":"False",
		"Pachirisu":"False",
		"Bamelin":"False",
		"Bojelin":"False",
		"Kikugi":"False",
		"Kinoso":"False",
		"Schalellos":"False",
		"Gastrodon":"False",
		"Ambidiffel":"False",
		"Driftlon":"False",
		"Drifzepeli":"False",
		"Haspiror":"False",
		"Schlapor":"False",
		"Traunmagil":"False",
		"Kramshef":"False",
		"Charmian":"False",
		"Shnurgarst":"False",
		"Klingplim":"False",
		"Skunkapuh":"False",
		"Skuntank":"False",
		"Bronzel":"False",
		"Bronzong":"False",
		"Mobai":"False",
		"Pantimimi":"False",
		"Wonneira":"False",
		"Plaudagei":"False",
		"Kryppuk":"False",
		"Kaumalat":"False",
		"Knarksel":"False",
		"Knakrack":"False",
		"Mampfaxo":"False",
		"Riolu":"False",
		"Lucario":"False",
		"Hippopotas":"False",
		"Hippoterus":"False",
		"Pionskora":"False",
		"Piondragi":"False",
		"Glibunkel":"False",
		"Toxiquak":"False",
		"Venuflibis":"False",
		"Finneon":"False",
		"Lumineon":"False",
		"Mantirps":"False",
		"Shnebedeck":"False",
		"Rexblisar":"False",
		"Snibunna":"False",
		"Magnezone":"False",
		"Schlurplek":"False",
		"Rihornior":"False",
		"Tangoloss":"False",
		"Elevoltek":"False",
		"Magbrant":"False",
		"Togekiss":"False",
		"Yanmega":"False",
		"Folipurba":"False",
		"Glaziola":"False",
		"Skorgro":"False",
		"Mamutel":"False",
		"Porygon-Z":"False",
		"Galagladi":"False",
		"Voluminas":"False",
		"Zwirrfinst":"False",
		"Frosdedje":"False",
		"Rotom":"False",
		"Selfe":"False",
		"Vesprit":"False",
		"Tobutz":"False",
		"Dialga":"False",
		"Palkia":"False",
		"Heatran":"False",
		"Regigigas":"False",
		"Giratina":"False",
		"Cresselia":"False",
		"Phione":"False",
		"Manaphy":"False",
		"Darkrai":"False",
		"Shaymin":"False",
		"Arceus":"False",
		"Victini":"False",
		"Serpifeu":"False",
		"Efoserp":"False",
		"Serpiroyal":"False",
		"Floink":"False",
		"Ferkokel":"False",
		"Flambirex":"False",
		"Ottaro":"False",
		"Zwottronin":"False",
		"Admurai":"False",
		"Nagelotz":"False",
		"Kukmarda":"False",
		"Yorkleff":"False",
		"Terribark":"False",
		"Bissbark":"False",
		"Felilou":"False",
		"Kleoparda":"False",
		"Vegimak":"False",
		"Vegichita":"False",
		"Grillmak":"False",
		"Grillchita":"False",
		"Sodamak":"False",
		"Sodachita":"False",
		"Somniam":"False",
		"Somnivora":"False",
		"Dusselgurr":"False",
		"Navitaub":"False",
		"Fasasnob":"False",
		"Elezeba":"False",
		"Zebritz":"False",
		"Kiesling":"False",
		"Sedimantur":"False",
		"Brockoloss":"False",
		"Fleknoil":"False",
		"Fletiamo":"False",
		"Rotomurf":"False",
		"Stalobor":"False",
		"Ohrdoch":"False",
		"Praktibalk":"False",
		"Strepoli":"False",
		"Meistagrif":"False",
		"Schallquap":"False",
		"Mebrana":"False",
		"Branawarz":"False",
		"Jiutesto":"False",
		"Karadonis":"False",
		"Strawickl":"False",
		"Folikon":"False",
		"Matrifol":"False",
		"Toxiped":"False",
		"Rollum":"False",
		"Cerapendra":"False",
		"Waumboll":"False",
		"Elfun":"False",
		"Lilminip":"False",
		"Dressella":"False",
		"Barschuft":"False",
		"Ganovil":"False",
		"Rokkaiman":"False",
		"Rabigator":"False",
		"Flampion":"False",
		"Flampivian":"False",
		"Maracamba":"False",
		"Lithomith":"False",
		"Castellith":"False",
		"Zurrokex":"False",
		"Irokex":"False",
		"Symvolara":"False",
		"Makabaja":"False",
		"Echnatoll":"False",
		"Galapaflos":"False",
		"Karippas":"False",
		"Flapteryx":"False",
		"Aeropteryx":"False",
		"Unratütox":"False",
		"Deponitox":"False",
		"Zorua":"False",
		"Zoroark":"False",
		"Picochilla":"False",
		"Chillabell":"False",
		"Mollimorba":"False",
		"Hypnomorba":"False",
		"Morbitesse":"False",
		"Monozyto":"False",
		"Mitodos":"False",
		"Zytomega":"False",
		"Piccolente":"False",
		"Swaroness":"False",
		"Gelatini":"False",
		"Gelatroppo":"False",
		"Gelatwino":"False",
		"Sesokitz":"False",
		"Kronjuwild":"False",
		"Emolga":"False",
		"Laukaps":"False",
		"Cavalanzas":"False",
		"Tarnpignon":"False",
		"Hutsassa":"False",
		"Quabbel":"False",
		"Apoquallyp":"False",
		"Mamolida":"False",
		"Wattzapf":"False",
		"Voltula":"False",
		"Kastadur":"False",
		"Tentantel":"False",
		"Klikk":"False",
		"Kliklak":"False",
		"Klikdiklak":"False",
		"Zapplardin":"False",
		"Zapplalek":"False",
		"Zapplarang":"False",
		"Pygraulon":"False",
		"Megalon":"False",
		"Lichtel":"False",
		"Laternecto":"False",
		"Skelabra":"False",
		"Milza":"False",
		"Sharfax":"False",
		"Maxax":"False",
		"Petznief":"False",
		"Siberio":"False",
		"Frigometri":"False",
		"Schnuthelm":"False",
		"Hydragil":"False",
		"Flunschlik":"False",
		"Lin-Fu":"False",
		"Wie-Shu":"False",
		"Shardrago":"False",
		"Golbit":"False",
		"Golgantes":"False",
		"Gladiantri":"False",
		"Caesurio":"False",
		"Bisofank":"False",
		"Geronimatz":"False",
		"Washakwil":"False",
		"Skallyk":"False",
		"Grypheldis":"False",
		"Furnifraß":"False",
		"Fermicula":"False",
		"Kapuno":"False",
		"Duodino":"False",
		"Trikephalo":"False",
		"Ignivor":"False",
		"Ramoth":"False",
		"Kobalium":"False",
		"Terrakium":"False",
		"Viridium":"False",
		"Boreos":"False",
		"Voltolos":"False",
		"Reshiram":"False",
		"Zekrom":"False",
		"Demeteros":"False",
		"Kyurem":"False",
		"Keldeo":"False",
		"Meloetta":"False",
		"Genesect":"False",
		"Igamaro":"False",
		"Igastarnish":"False",
		"Brigaron":"False",
		"Fynx":"False",
		"Rutena":"False",
		"Fennexis":"False",
		"Froxy":"False",
		"Amphizel":"False",
		"Quajutsu":"False",
		"Scoppel":"False",
		"Grebbit":"False",
		"Dartiri":"False",
		"Dartignis":"False",
		"Fiaro":"False",
		"Purmel":"False",
		"Puponcho":"False",
		"Vivillon":"False",
		"Leufeo":"False",
		"Pyroleo":"False",
		"Flabébé":"False",
		"FLOETTE":"False",
		"Florges":"False",
		"Mähikel":"False",
		"Chevrumm":"False",
		"Pam-Pam":"False",
		"Pandagro":"False",
		"Coiffwaff":"False",
		"Psiau":"False",
		"Psiaugon":"False",
		"Gramokles":"False",
		"Duokles":"False",
		"Durengard":"False",
		"Parfi":"False",
		"Parfinesse":"False",
		"Flauschling":"False",
		"Sabbaione":"False",
		"Iscalar":"False",
		"Calamanero":"False",
		"Bithora":"False",
		"Thanathora":"False",
		"Algitt":"False",
		"Tandrak":"False",
		"Scampisto":"False",
		"Wummer":"False",
		"Eguana":"False",
		"Elezard":"False",
		"Balgoras":"False",
		"Monargoras":"False",
		"Amarino":"False",
		"Amagarga":"False",
		"Feelinara":"False",
		"Resladero":"False",
		"DEDENNE":"False",
		"Rocara":"False",
		"Viscora":"False",
		"Viscargot":"False",
		"Viscogon":"False",
		"Clavion":"False",
		"Paragoni":"False",
		"Trombork":"False",
		"Irrbis":"False",
		"Pumpdjinn":"False",
		"Arktip":"False",
		"Arktilas":"False",
		"eF-eM":"False",
		"UHaFnir":"False",
		"Xerneas":"False",
		"Yveltal":"False",
		"Zygarde":"False",
		"Diancie":"False",
		"Hoopa":"False",
		"Volcanion":"False"
	}
}
