{
	"alarms":[
	],
	"pokemon":{
		"妙蛙种子":"False",
		"妙蛙草":"False",
		"妙蛙花":"False",
		"小火龙":"False",
		"火恐龙":"False",
		"喷火龙":"False",
		"杰尼龟":"False",
		"卡咪龟":"False",
		"水箭龟":"False",
		"绿毛虫":"False",
		"铁甲蛹":"False",
		"巴大蝶":"False",
		"独角虫":"False",
		"铁壳蛹":"False",
		"大针蜂":"False",
		"波波":"False",
		"比比鸟":"False",
		"大比鸟":"False",
		"小拉达":"False",
		"拉达":"False",
		"烈雀":"False",
		"大嘴雀":"False",
		"阿柏蛇":"False",
		"阿柏怪":"False",
		"皮卡丘":"False",
		"雷丘":"False",
		"穿山鼠":"False",
		"穿山王":"False",
		"尼多兰":"False",
		"尼多娜":"False",
		"尼多后":"False",
		"尼多朗":"False",
		"尼多力诺":"False",
		"尼多王":"False",
		"皮皮":"False",
		"皮可西":"False",
		"六尾":"False",
		"九尾":"False",
		"胖丁":"False",
		"胖可丁":"False",
		"超音蝠":"False",
		"大嘴蝠":"False",
		"走路草":"False",
		"臭臭花":"False",
		"霸王花":"False",
		"派拉斯":"False",
		"派拉斯特":"False",
		"毛球":"False",
		"摩鲁蛾":"False",
		"地鼠":"False",
		"三地鼠":"False",
		"喵喵":"False",
		"猫老大":"False",
		"可达鸭":"False",
		"哥达鸭":"False",
		"猴怪":"False",
		"火暴猴":"False",
		"卡蒂狗":"False",
		"风速狗":"False",
		"蚊香蝌蚪":"False",
		"蚊香君":"False",
		"蚊香泳士":"False",
		"凯西":"False",
		"勇基拉":"False",
		"胡地":"False",
		"腕力":"False",
		"豪力":"False",
		"怪力":"False",
		"喇叭芽":"False",
		"口呆花":"False",
		"大食花":"False",
		"玛瑙水母":"False",
		"毒刺水母":"False",
		"小拳石":"False",
		"隆隆石":"False",
		"隆隆岩":"False",
		"小火马":"False",
		"烈焰马":"False",
		"呆呆兽":"False",
		"呆壳兽":"False",
		"小磁怪":"False",
		"三合一磁怪":"False",
		"大葱鸭":"False",
		"嘟嘟":"False",
		"嘟嘟利":"False",
		"小海狮":"False",
		"白海狮":"False",
		"臭泥":"False",
		"臭臭泥":"False",
		"大舌贝":"False",
		"刺甲贝":"False",
		"鬼斯":"False",
		"鬼斯通":"False",
		"耿鬼":"False",
		"大岩蛇":"False",
		"催眠貘":"False",
		"引梦貘人":"False",
		"大钳蟹":"False",
		"巨钳蟹":"False",
		"霹雳电球":"False",
		"顽皮雷弹":"False",
		"蛋蛋":"False",
		"椰蛋树":"False",
		"卡拉卡拉":"False",
		"嘎啦嘎啦":"False",
		"飞腿郎":"False",
		"快拳郎":"False",
		"大舌头":"False",
		"瓦斯弹":"False",
		"双弹瓦斯":"False",
		"独角犀牛":"False",
		"钻角犀兽":"False",
		"吉利蛋":"False",
		"蔓藤怪":"False",
		"袋兽":"False",
		"墨海马":"False",
		"海刺龙":"False",
		"角金鱼":"False",
		"金鱼王":"False",
		"海星星":"False",
		"宝石海星":"False",
		"魔墙人偶":"False",
		"飞天螳螂":"False",
		"迷唇姐":"False",
		"电击兽":"False",
		"鸭嘴火兽":"False",
		"凯罗斯":"False",
		"肯泰罗":"False",
		"鲤鱼王":"False",
		"暴鲤龙":"False",
		"拉普拉斯":"False",
		"百变怪":"False",
		"伊布":"False",
		"水伊布":"False",
		"雷伊布":"False",
		"火伊布":"False",
		"多边兽":"False",
		"菊石兽":"False",
		"多刺菊石兽":"False",
		"化石盔":"False",
		"镰刀盔":"False",
		"化石翼龙":"False",
		"卡比兽":"False",
		"急冻鸟":"False",
		"闪电鸟":"False",
		"火焰鸟":"False",
		"迷你龙":"False",
		"哈克龙":"False",
		"快龙":"False",
		"超梦":"False",
		"梦幻":"False",
		"菊草叶":"False",
		"月桂叶":"False",
		"大菊花":"False",
		"火球鼠":"False",
		"火岩鼠":"False",
		"火暴兽":"False",
		"小锯鳄":"False",
		"蓝鳄":"False",
		"大力鳄":"False",
		"尾立":"False",
		"大尾立":"False",
		"咕咕":"False",
		"猫头夜鹰":"False",
		"芭瓢虫":"False",
		"安瓢虫":"False",
		"线球":"False",
		"阿利多斯":"False",
		"叉字蝠":"False",
		"灯笼鱼":"False",
		"电灯怪":"False",
		"皮丘":"False",
		"皮宝宝":"False",
		"宝宝丁":"False",
		"波克比":"False",
		"波克基古":"False",
		"天然雀":"False",
		"天然鸟":"False",
		"咩利羊":"False",
		"绵绵":"False",
		"电龙":"False",
		"美丽花":"False",
		"玛力露":"False",
		"玛力露丽":"False",
		"胡说树":"False",
		"牛蛙君":"False",
		"毽子草":"False",
		"毽子花":"False",
		"毽子绵":"False",
		"长尾怪手":"False",
		"向日种子":"False",
		"向日花怪":"False",
		"阳阳玛":"False",
		"乌波":"False",
		"沼王":"False",
		"太阳精灵":"False",
		"月精灵":"False",
		"黑暗鸦":"False",
		"河马王":"False",
		"梦妖":"False",
		"未知图腾":"False",
		"果然翁":"False",
		"麒麟奇":"False",
		"榛果球":"False",
		"佛烈托斯":"False",
		"土龙弟弟":"False",
		"天蝎":"False",
		"大钢蛇":"False",
		"布卢":"False",
		"布卢皇":"False",
		"千针鱼":"False",
		"巨钳螳螂":"False",
		"壶壶":"False",
		"赫拉克罗斯":"False",
		"狃拉":"False",
		"熊宝宝":"False",
		"圈圈熊":"False",
		"熔岩虫":"False",
		"熔岩蜗牛":"False",
		"小山猪":"False",
		"长毛猪":"False",
		"太阳珊瑚":"False",
		"铁炮鱼":"False",
		"章鱼桶":"False",
		"信使鸟":"False",
		"巨翅飞鱼":"False",
		"盔甲鸟":"False",
		"戴鲁比":"False",
		"黑鲁加":"False",
		"刺龙王":"False",
		"小小象":"False",
		"顿甲":"False",
		"3D龙II":"False",
		"惊角鹿":"False",
		"图图犬":"False",
		"巴尔郎":"False",
		"柯波朗":"False",
		"迷唇娃":"False",
		"电击怪":"False",
		"小鸭嘴龙":"False",
		"大奶罐":"False",
		"幸福蛋":"False",
		"雷公":"False",
		"炎帝":"False",
		"水君":"False",
		"由基拉":"False",
		"沙基拉":"False",
		"班吉拉":"False",
		"洛奇亚":"False",
		"凤王":"False",
		"雪拉比":"False",
		"木守宫":"False",
		"森林蜥蜴":"False",
		"蜥蜴王":"False",
		"火稚鸡":"False",
		"力壮鸡":"False",
		"火焰鸡":"False",
		"水跃鱼":"False",
		"沼跃鱼":"False",
		"巨沼怪":"False",
		"土狼犬":"False",
		"大狼犬":"False",
		"蛇纹熊":"False",
		"直冲熊":"False",
		"刺尾虫":"False",
		"甲壳蛹":"False",
		"狩猎凤蝶":"False",
		"盾甲茧":"False",
		"毒粉蝶":"False",
		"莲叶童子":"False",
		"莲帽小童":"False",
		"乐天河童":"False",
		"橡实果":"False",
		"长鼻叶":"False",
		"狡猾天狗":"False",
		"傲骨燕":"False",
		"大王燕":"False",
		"长翅鸥":"False",
		"大嘴鸥":"False",
		"拉鲁拉丝":"False",
		"奇鲁莉安":"False",
		"沙奈朵":"False",
		"溜溜糖球":"False",
		"雨翅蛾":"False",
		"蘑蘑菇":"False",
		"斗笠菇":"False",
		"懒人翁":"False",
		"过动猿":"False",
		"请假王":"False",
		"土居忍士":"False",
		"铁面忍者":"False",
		"脱壳忍者":"False",
		"咕妞妞":"False",
		"吼爆弹":"False",
		"爆音怪":"False",
		"幕下力士":"False",
		"超力王":"False",
		"露力丽":"False",
		"朝北鼻":"False",
		"向尾喵":"False",
		"优雅猫":"False",
		"勾魂眼":"False",
		"大嘴娃":"False",
		"可可多拉":"False",
		"可多拉":"False",
		"波士可多拉":"False",
		"玛沙那":"False",
		"恰雷姆":"False",
		"落雷兽":"False",
		"雷电兽":"False",
		"正电拍拍":"False",
		"负电拍拍":"False",
		"电萤虫":"False",
		"甜甜萤":"False",
		"毒蔷薇":"False",
		"溶食兽":"False",
		"吞食兽":"False",
		"利牙鱼":"False",
		"巨牙鲨":"False",
		"吼吼鲸":"False",
		"吼鲸王":"False",
		"呆火驼":"False",
		"喷火驼":"False",
		"煤炭龟":"False",
		"跳跳猪":"False",
		"噗噗猪":"False",
		"晃晃斑":"False",
		"大颚蚁":"False",
		"超音波幼虫":"False",
		"沙漠蜻蜓":"False",
		"沙漠奈亚":"False",
		"梦歌奈亚":"False",
		"青绵鸟":"False",
		"七夕青鸟":"False",
		"猫鼬斩":"False",
		"饭匙蛇":"False",
		"月石":"False",
		"太阳岩":"False",
		"泥泥鳅":"False",
		"鲶鱼王":"False",
		"龙虾小兵":"False",
		"铁螯龙虾":"False",
		"天秤偶":"False",
		"念力土偶":"False",
		"触手百合":"False",
		"摇篮百合":"False",
		"太古羽虫":"False",
		"太古盔甲":"False",
		"笨笨鱼":"False",
		"美纳斯":"False",
		"漂浮泡泡":"False",
		"变隐龙":"False",
		"怨影娃娃":"False",
		"诅咒娃娃":"False",
		"夜骷颅":"False",
		"夜巨人":"False",
		"热带龙":"False",
		"风铃铃":"False",
		"阿勃梭鲁":"False",
		"小果然":"False",
		"雪童子":"False",
		"冰鬼护":"False",
		"海豹球":"False",
		"海魔狮":"False",
		"帝牙海狮":"False",
		"珍珠贝":"False",
		"猎斑鱼":"False",
		"樱花鱼":"False",
		"古空棘鱼":"False",
		"爱心鱼":"False",
		"宝贝龙":"False",
		"甲壳龙":"False",
		"暴飞龙":"False",
		"铁哑铃":"False",
		"金属怪":"False",
		"巨金怪":"False",
		"雷吉洛克":"False",
		"雷吉艾斯":"False",
		"雷吉斯奇鲁":"False",
		"拉帝亚斯":"False",
		"拉帝欧斯":"False",
		"盖欧卡":"False",
		"固拉多":"False",
		"烈空坐":"False",
		"基拉祈":"False",
		"代欧奇希斯":"False",
		"草苗龟":"False",
		"树林龟":"False",
		"土台龟":"False",
		"小火焰猴":"False",
		"猛火猴":"False",
		"烈焰猴":"False",
		"波加曼":"False",
		"波皇子":"False",
		"帝王拿波":"False",
		"姆克儿":"False",
		"姆克鸟":"False",
		"姆克鹰":"False",
		"大牙狸":"False",
		"大尾狸":"False",
		"圆法师":"False",
		"音箱蟀":"False",
		"小猫怪":"False",
		"勒克猫":"False",
		"伦琴猫":"False",
		"含羞苞":"False",
		"罗丝雷朵":"False",
		"头盖龙":"False",
		"战槌龙":"False",
		"盾甲龙":"False",
		"护城龙":"False",
		"结草儿":"False",
		"结草贵妇":"False",
		"绅士蛾":"False",
		"三蜜蜂":"False",
		"蜂后":"False",
		"帕奇利兹":"False",
		"泳气鼬":"False",
		"浮潜鼬":"False",
		"樱花宝":"False",
		"樱花儿":"False",
		"无壳海牛":"False",
		"海牛兽":"False",
		"双尾怪手":"False",
		"飘飘球":"False",
		"附和气球":"False",
		"卷卷耳":"False",
		"长耳兔":"False",
		"梦妖魔":"False",
		"乌鸦头头":"False",
		"魅力喵":"False",
		"东施喵":"False",
		"铃铛响":"False",
		"臭鼬噗":"False",
		"坦克臭鼬":"False",
		"铜镜怪":"False",
		"青铜钟":"False",
		"爱哭树":"False",
		"魔尼尼":"False",
		"好运蛋":"False",
		"聒噪鸟":"False",
		"花岩怪":"False",
		"圆陆鲨":"False",
		"尖牙陆鲨":"False",
		"烈咬陆鲨":"False",
		"小卡比兽":"False",
		"利欧路":"False",
		"路卡利欧":"False",
		"怪河马":"False",
		"河马兽":"False",
		"紫天蝎":"False",
		"龙王蝎":"False",
		"不良蛙":"False",
		"毒骷蛙":"False",
		"尖牙笼":"False",
		"萤光鱼":"False",
		"霓虹鱼":"False",
		"小球飞鱼":"False",
		"雪笠怪":"False",
		"暴雪王":"False",
		"玛狃拉":"False",
		"自爆磁怪":"False",
		"大舌舔":"False",
		"超铁暴龙":"False",
		"巨蔓藤":"False",
		"电击魔兽":"False",
		"鸭嘴焰龙":"False",
		"波克基斯":"False",
		"梅卡阳玛":"False",
		"叶精灵":"False",
		"冰精灵":"False",
		"天蝎王":"False",
		"象牙猪":"False",
		"3D龙Z":"False",
		"艾路雷朵":"False",
		"大朝北鼻":"False",
		"夜黑魔人":"False",
		"雪妖女":"False",
		"洛托姆":"False",
		"由克希":"False",
		"艾姆利多":"False",
		"亚克诺姆":"False",
		"帝牙卢卡":"False",
		"帕路奇犽":"False",
		"席多蓝恩":"False",
		"雷吉奇卡斯":"False",
		"骑拉帝纳":"False",
		"克雷色利亚":"False",
		"霏欧纳":"False",
		"玛纳霏":"False",
		"达克莱伊":"False",
		"谢米":"False",
		"阿尔宙斯":"False",
		"比克提尼":"False",
		"藤藤蛇":"False",
		"青藤蛇":"False",
		"君主蛇":"False",
		"暖暖猪":"False",
		"炒炒猪":"False",
		"炎武王":"False",
		"水水獭":"False",
		"双刃丸":"False",
		"大剑鬼":"False",
		"探探鼠":"False",
		"步哨鼠":"False",
		"小约克":"False",
		"哈约克":"False",
		"长毛狗":"False",
		"扒手猫":"False",
		"酷豹":"False",
		"花椰猴":"False",
		"花椰猿":"False",
		"爆香猴":"False",
		"爆香猿":"False",
		"冷水猴":"False",
		"冷水猿":"False",
		"食梦梦":"False",
		"梦梦蚀":"False",
		"豆豆鸽":"False",
		"波波鸽":"False",
		"轰隆雉鸡":"False",
		"斑斑马":"False",
		"雷电斑马":"False",
		"石丸子":"False",
		"地幔岩":"False",
		"庞岩怪":"False",
		"滚滚蝙蝠":"False",
		"心蝙蝠":"False",
		"螺钉地鼠":"False",
		"龙头地鼠":"False",
		"差不多娃娃":"False",
		"搬运小匠":"False",
		"铁骨土人":"False",
		"修缮老头":"False",
		"圆蝌蚪":"False",
		"蓝蟾蜍":"False",
		"蟾蜍王":"False",
		"投射鬼":"False",
		"打击鬼":"False",
		"虫宝包":"False",
		"宝包茧":"False",
		"保母虫":"False",
		"百足蜈蚣":"False",
		"车轮球":"False",
		"蜈蚣王":"False",
		"木棉球":"False",
		"风妖精":"False",
		"百合根娃娃":"False",
		"裙儿小姐":"False",
		"勇士鲈鱼":"False",
		"黑眼鳄":"False",
		"混混鳄":"False",
		"流氓鳄":"False",
		"火红不倒翁":"False",
		"达摩狒狒":"False",
		"街头沙铃":"False",
		"石居蟹":"False",
		"岩殿居蟹":"False",
		"滑头小子":"False",
		"头巾混混":"False",
		"象征鸟":"False",
		"哭哭面具":"False",
		"死神棺":"False",
		"原盖海龟":"False",
		"肋骨海龟":"False",
		"始祖小鸟":"False",
		"始祖大鸟":"False",
		"破破袋":"False",
		"灰尘山":"False",
		"索罗亚":"False",
		"索罗亚克":"False",
		"泡沫栗鼠":"False",
		"奇诺栗鼠":"False",
		"哥德宝宝":"False",
		"哥德小童":"False",
		"哥德小姐":"False",
		"单卵细胞球":"False",
		"双卵细胞球":"False",
		"人造细胞卵":"False",
		"鸭宝宝":"False",
		"首席天鹅":"False",
		"迷你冰":"False",
		"多多冰":"False",
		"双倍多多冰":"False",
		"四季鹿":"False",
		"芽吹鹿":"False",
		"电飞鼠":"False",
		"盖盖虫":"False",
		"骑士蜗牛":"False",
		"宝贝球菇":"False",
		"暴露菇":"False",
		"轻飘飘":"False",
		"胖嘟嘟":"False",
		"保母曼波":"False",
		"电电虫":"False",
		"电蜘蛛":"False",
		"种子铁球":"False",
		"坚果哑铃":"False",
		"齿轮儿":"False",
		"齿轮组":"False",
		"齿轮怪":"False",
		"麻麻小鱼":"False",
		"麻麻鳗":"False",
		"麻麻鳗鱼王":"False",
		"小灰怪":"False",
		"大宇怪":"False",
		"烛光灵":"False",
		"灯火幽灵":"False",
		"水晶灯火灵":"False",
		"牙牙":"False",
		"斧牙龙":"False",
		"双斧战龙":"False",
		"喷嚏熊":"False",
		"冻原熊":"False",
		"几何雪花":"False",
		"小嘴蜗":"False",
		"敏捷虫":"False",
		"泥巴鱼":"False",
		"功夫鼬":"False",
		"师父鼬":"False",
		"赤面龙":"False",
		"泥偶小人":"False",
		"泥偶巨人":"False",
		"驹刀小兵":"False",
		"劈斩司令":"False",
		"爆爆头水牛":"False",
		"毛头小鹰":"False",
		"勇士鹰":"False",
		"秃鹰小子":"False",
		"秃鹰娜":"False",
		"食蚁炉":"False",
		"铁蚁":"False",
		"单首龙":"False",
		"双头龙":"False",
		"三头龙":"False",
		"燃烧虫":"False",
		"火神虫":"False",
		"勾帕路翁":"False",
		"代拉基翁":"False",
		"毕力吉翁":"False",
		"龙卷云":"False",
		"雷电云":"False",
		"雷希拉姆":"False",
		"捷克罗姆":"False",
		"土地云":"False",
		"酋雷姆":"False",
		"凯路迪欧":"False",
		"美洛耶塔":"False",
		"盖诺赛克特":"False",
		"哈力栗":"False",
		"胖胖哈力":"False",
		"布里卡隆":"False",
		"火狐狸":"False",
		"长尾火狐":"False",
		"妖火红狐":"False",
		"呱呱泡蛙":"False",
		"呱头蛙":"False",
		"甲贺忍蛙":"False",
		"掘掘兔":"False",
		"攉土兔":"False",
		"小箭雀":"False",
		"火箭雀":"False",
		"烈箭鹟":"False",
		"粉蛹":"False",
		"粉蝶蛹":"False",
		"碧粉蝶":"False",
		"小狮狮":"False",
		"火炎狮":"False",
		"花蓓蓓":"False",
		"花叶蒂":"False",
		"花洁夫人":"False",
		"咩咩羊":"False",
		"坐骑山羊":"False",
		"顽皮熊猫":"False",
		"流氓熊猫":"False",
		"多丽米亚":"False",
		"妙喵":"False",
		"超能妙喵":"False",
		"独剑鞘":"False",
		"双剑鞘":"False",
		"坚盾剑怪":"False",
		"粉香香":"False",
		"芳香精":"False",
		"绵绵泡芙":"False",
		"胖甜妮":"False",
		"豪喇花枝":"False",
		"乌贼王":"False",
		"龟脚脚":"False",
		"龟足巨铠":"False",
		"垃垃藻":"False",
		"毒拉蜜妮":"False",
		"铁臂枪虾":"False",
		"钢炮臂虾":"False",
		"伞电蜥":"False",
		"电伞查特":"False",
		"宝宝暴龙":"False",
		"怪颚龙":"False",
		"冰雪龙":"False",
		"冰雪巨龙":"False",
		"仙子精灵":"False",
		"战斗飞鸟":"False",
		"咚咚鼠":"False",
		"小碎钻":"False",
		"黏黏宝":"False",
		"黏美伊儿":"False",
		"黏美露龙":"False",
		"钥圈儿":"False",
		"小木灵":"False",
		"朽木妖":"False",
		"南瓜精":"False",
		"南瓜怪人":"False",
		"冰宝":"False",
		"冰岩怪":"False",
		"嗡蝠":"False",
		"音波龙":"False",
		"哲尔尼亚斯":"False",
		"伊裴尔塔尔":"False",
		"基格尔德":"False",
		"蒂安希":"False",
		"胡帕":"False",
		"波尔凯尼恩":"False",
{
	"alarms":[
	],
	"pokemon":{
		"妙蛙种子":"False",
		"妙蛙草":"False",
		"妙蛙花":"False",
		"小火龙":"False",
		"火恐龙":"False",
		"喷火龙":"False",
		"杰尼龟":"False",
		"卡咪龟":"False",
		"水箭龟":"False",
		"绿毛虫":"False",
		"铁甲蛹":"False",
		"巴大蝶":"False",
		"独角虫":"False",
		"铁壳蛹":"False",
		"大针蜂":"False",
		"波波":"False",
		"比比鸟":"False",
		"大比鸟":"False",
		"小拉达":"False",
		"拉达":"False",
		"烈雀":"False",
		"大嘴雀":"False",
		"阿柏蛇":"False",
		"阿柏怪":"False",
		"皮卡丘":"False",
		"雷丘":"False",
		"穿山鼠":"False",
		"穿山王":"False",
		"尼多兰":"False",
		"尼多娜":"False",
		"尼多后":"False",
		"尼多朗":"False",
		"尼多力诺":"False",
		"尼多王":"False",
		"皮皮":"False",
		"皮可西":"False",
		"六尾":"False",
		"九尾":"False",
		"胖丁":"False",
		"胖可丁":"False",
		"超音蝠":"False",
		"大嘴蝠":"False",
		"走路草":"False",
		"臭臭花":"False",
		"霸王花":"False",
		"派拉斯":"False",
		"派拉斯特":"False",
		"毛球":"False",
		"摩鲁蛾":"False",
		"地鼠":"False",
		"三地鼠":"False",
		"喵喵":"False",
		"猫老大":"False",
		"可达鸭":"False",
		"哥达鸭":"False",
		"猴怪":"False",
		"火暴猴":"False",
		"卡蒂狗":"False",
		"风速狗":"False",
		"蚊香蝌蚪":"False",
		"蚊香君":"False",
		"蚊香泳士":"False",
		"凯西":"False",
		"勇基拉":"False",
		"胡地":"False",
		"腕力":"False",
		"豪力":"False",
		"怪力":"False",
		"喇叭芽":"False",
		"口呆花":"False",
		"大食花":"False",
		"玛瑙水母":"False",
		"毒刺水母":"False",
		"小拳石":"False",
		"隆隆石":"False",
		"隆隆岩":"False",
		"小火马":"False",
		"烈焰马":"False",
		"呆呆兽":"False",
		"呆壳兽":"False",
		"小磁怪":"False",
		"三合一磁怪":"False",
		"大葱鸭":"False",
		"嘟嘟":"False",
		"嘟嘟利":"False",
		"小海狮":"False",
		"白海狮":"False",
		"臭泥":"False",
		"臭臭泥":"False",
		"大舌贝":"False",
		"刺甲贝":"False",
		"鬼斯":"False",
		"鬼斯通":"False",
		"耿鬼":"False",
		"大岩蛇":"False",
		"催眠貘":"False",
		"引梦貘人":"False",
		"大钳蟹":"False",
		"巨钳蟹":"False",
		"霹雳电球":"False",
		"顽皮雷弹":"False",
		"蛋蛋":"False",
		"椰蛋树":"False",
		"卡拉卡拉":"False",
		"嘎啦嘎啦":"False",
		"飞腿郎":"False",
		"快拳郎":"False",
		"大舌头":"False",
		"瓦斯弹":"False",
		"双弹瓦斯":"False",
		"独角犀牛":"False",
		"钻角犀兽":"False",
		"吉利蛋":"False",
		"蔓藤怪":"False",
		"袋兽":"False",
		"墨海马":"False",
		"海刺龙":"False",
		"角金鱼":"False",
		"金鱼王":"False",
		"海星星":"False",
		"宝石海星":"False",
		"魔墙人偶":"False",
		"飞天螳螂":"False",
		"迷唇姐":"False",
		"电击兽":"False",
		"鸭嘴火兽":"False",
		"凯罗斯":"False",
		"肯泰罗":"False",
		"鲤鱼王":"False",
		"暴鲤龙":"False",
		"拉普拉斯":"False",
		"百变怪":"False",
		"伊布":"False",
		"水伊布":"False",
		"雷伊布":"False",
		"火伊布":"False",
		"多边兽":"False",
		"菊石兽":"False",
		"多刺菊石兽":"False",
		"化石盔":"False",
		"镰刀盔":"False",
		"化石翼龙":"False",
		"卡比兽":"False",
		"急冻鸟":"False",
		"闪电鸟":"False",
		"火焰鸟":"False",
		"迷你龙":"False",
		"哈克龙":"False",
		"快龙":"False",
		"超梦":"False",
		"梦幻":"False",
		"菊草叶":"False",
		"月桂叶":"False",
		"大菊花":"False",
		"火球鼠":"False",
		"火岩鼠":"False",
		"火暴兽":"False",
		"小锯鳄":"False",
		"蓝鳄":"False",
		"大力鳄":"False",
		"尾立":"False",
		"大尾立":"False",
		"咕咕":"False",
		"猫头夜鹰":"False",
		"芭瓢虫":"False",
		"安瓢虫":"False",
		"线球":"False",
		"阿利多斯":"False",
		"叉字蝠":"False",
		"灯笼鱼":"False",
		"电灯怪":"False",
		"皮丘":"False",
		"皮宝宝":"False",
		"宝宝丁":"False",
		"波克比":"False",
		"波克基古":"False",
		"天然雀":"False",
		"天然鸟":"False",
		"咩利羊":"False",
		"绵绵":"False",
		"电龙":"False",
		"美丽花":"False",
		"玛力露":"False",
		"玛力露丽":"False",
		"胡说树":"False",
		"牛蛙君":"False",
		"毽子草":"False",
		"毽子花":"False",
		"毽子绵":"False",
		"长尾怪手":"False",
		"向日种子":"False",
		"向日花怪":"False",
		"阳阳玛":"False",
		"乌波":"False",
		"沼王":"False",
		"太阳精灵":"False",
		"月精灵":"False",
		"黑暗鸦":"False",
		"河马王":"False",
		"梦妖":"False",
		"未知图腾":"False",
		"果然翁":"False",
		"麒麟奇":"False",
		"榛果球":"False",
		"佛烈托斯":"False",
		"土龙弟弟":"False",
		"天蝎":"False",
		"大钢蛇":"False",
		"布卢":"False",
		"布卢皇":"False",
		"千针鱼":"False",
		"巨钳螳螂":"False",
		"壶壶":"False",
		"赫拉克罗斯":"False",
		"狃拉":"False",
		"熊宝宝":"False",
		"圈圈熊":"False",
		"熔岩虫":"False",
		"熔岩蜗牛":"False",
		"小山猪":"False",
		"长毛猪":"False",
		"太阳珊瑚":"False",
		"铁炮鱼":"False",
		"章鱼桶":"False",
		"信使鸟":"False",
		"巨翅飞鱼":"False",
		"盔甲鸟":"False",
		"戴鲁比":"False",
		"黑鲁加":"False",
		"刺龙王":"False",
		"小小象":"False",
		"顿甲":"False",
		"3D龙II":"False",
		"惊角鹿":"False",
		"图图犬":"False",
		"巴尔郎":"False",
		"柯波朗":"False",
		"迷唇娃":"False",
		"电击怪":"False",
		"小鸭嘴龙":"False",
		"大奶罐":"False",
		"幸福蛋":"False",
		"雷公":"False",
		"炎帝":"False",
		"水君":"False",
		"由基拉":"False",
		"沙基拉":"False",
		"班吉拉":"False",
		"洛奇亚":"False",
		"凤王":"False",
		"雪拉比":"False",
		"木守宫":"False",
		"森林蜥蜴":"False",
		"蜥蜴王":"False",
		"火稚鸡":"False",
		"力壮鸡":"False",
		"火焰鸡":"False",
		"水跃鱼":"False",
		"沼跃鱼":"False",
		"巨沼怪":"False",
		"土狼犬":"False",
		"大狼犬":"False",
		"蛇纹熊":"False",
		"直冲熊":"False",
		"刺尾虫":"False",
		"甲壳蛹":"False",
		"狩猎凤蝶":"False",
		"盾甲茧":"False",
		"毒粉蝶":"False",
		"莲叶童子":"False",
		"莲帽小童":"False",
		"乐天河童":"False",
		"橡实果":"False",
		"长鼻叶":"False",
		"狡猾天狗":"False",
		"傲骨燕":"False",
		"大王燕":"False",
		"长翅鸥":"False",
		"大嘴鸥":"False",
		"拉鲁拉丝":"False",
		"奇鲁莉安":"False",
		"沙奈朵":"False",
		"溜溜糖球":"False",
		"雨翅蛾":"False",
		"蘑蘑菇":"False",
		"斗笠菇":"False",
		"懒人翁":"False",
		"过动猿":"False",
		"请假王":"False",
		"土居忍士":"False",
		"铁面忍者":"False",
		"脱壳忍者":"False",
		"咕妞妞":"False",
		"吼爆弹":"False",
		"爆音怪":"False",
		"幕下力士":"False",
		"超力王":"False",
		"露力丽":"False",
		"朝北鼻":"False",
		"向尾喵":"False",
		"优雅猫":"False",
		"勾魂眼":"False",
		"大嘴娃":"False",
		"可可多拉":"False",
		"可多拉":"False",
		"波士可多拉":"False",
		"玛沙那":"False",
		"恰雷姆":"False",
		"落雷兽":"False",
		"雷电兽":"False",
		"正电拍拍":"False",
		"负电拍拍":"False",
		"电萤虫":"False",
		"甜甜萤":"False",
		"毒蔷薇":"False",
		"溶食兽":"False",
		"吞食兽":"False",
		"利牙鱼":"False",
		"巨牙鲨":"False",
		"吼吼鲸":"False",
		"吼鲸王":"False",
		"呆火驼":"False",
		"喷火驼":"False",
		"煤炭龟":"False",
		"跳跳猪":"False",
		"噗噗猪":"False",
		"晃晃斑":"False",
		"大颚蚁":"False",
		"超音波幼虫":"False",
		"沙漠蜻蜓":"False",
		"沙漠奈亚":"False",
		"梦歌奈亚":"False",
		"青绵鸟":"False",
		"七夕青鸟":"False",
		"猫鼬斩":"False",
		"饭匙蛇":"False",
		"月石":"False",
		"太阳岩":"False",
		"泥泥鳅":"False",
		"鲶鱼王":"False",
		"龙虾小兵":"False",
		"铁螯龙虾":"False",
		"天秤偶":"False",
		"念力土偶":"False",
		"触手百合":"False",
		"摇篮百合":"False",
		"太古羽虫":"False",
		"太古盔甲":"False",
		"笨笨鱼":"False",
		"美纳斯":"False",
		"漂浮泡泡":"False",
		"变隐龙":"False",
		"怨影娃娃":"False",
		"诅咒娃娃":"False",
		"夜骷颅":"False",
		"夜巨人":"False",
		"热带龙":"False",
		"风铃铃":"False",
		"阿勃梭鲁":"False",
		"小果然":"False",
		"雪童子":"False",
		"冰鬼护":"False",
		"海豹球":"False",
		"海魔狮":"False",
		"帝牙海狮":"False",
		"珍珠贝":"False",
		"猎斑鱼":"False",
		"樱花鱼":"False",
		"古空棘鱼":"False",
		"爱心鱼":"False",
		"宝贝龙":"False",
		"甲壳龙":"False",
		"暴飞龙":"False",
		"铁哑铃":"False",
		"金属怪":"False",
		"巨金怪":"False",
		"雷吉洛克":"False",
		"雷吉艾斯":"False",
		"雷吉斯奇鲁":"False",
		"拉帝亚斯":"False",
		"拉帝欧斯":"False",
		"盖欧卡":"False",
		"固拉多":"False",
		"烈空坐":"False",
		"基拉祈":"False",
		"代欧奇希斯":"False",
		"草苗龟":"False",
		"树林龟":"False",
		"土台龟":"False",
		"小火焰猴":"False",
		"猛火猴":"False",
		"烈焰猴":"False",
		"波加曼":"False",
		"波皇子":"False",
		"帝王拿波":"False",
		"姆克儿":"False",
		"姆克鸟":"False",
		"姆克鹰":"False",
		"大牙狸":"False",
		"大尾狸":"False",
		"圆法师":"False",
		"音箱蟀":"False",
		"小猫怪":"False",
		"勒克猫":"False",
		"伦琴猫":"False",
		"含羞苞":"False",
		"罗丝雷朵":"False",
		"头盖龙":"False",
		"战槌龙":"False",
		"盾甲龙":"False",
		"护城龙":"False",
		"结草儿":"False",
		"结草贵妇":"False",
		"绅士蛾":"False",
		"三蜜蜂":"False",
		"蜂后":"False",
		"帕奇利兹":"False",
		"泳气鼬":"False",
		"浮潜鼬":"False",
		"樱花宝":"False",
		"樱花儿":"False",
		"无壳海牛":"False",
		"海牛兽":"False",
		"双尾怪手":"False",
		"飘飘球":"False",
		"附和气球":"False",
		"卷卷耳":"False",
		"长耳兔":"False",
		"梦妖魔":"False",
		"乌鸦头头":"False",
		"魅力喵":"False",
		"东施喵":"False",
		"铃铛响":"False",
		"臭鼬噗":"False",
		"坦克臭鼬":"False",
		"铜镜怪":"False",
		"青铜钟":"False",
		"爱哭树":"False",
		"魔尼尼":"False",
		"好运蛋":"False",
		"聒噪鸟":"False",
		"花岩怪":"False",
		"圆陆鲨":"False",
		"尖牙陆鲨":"False",
		"烈咬陆鲨":"False",
		"小卡比兽":"False",
		"利欧路":"False",
		"路卡利欧":"False",
		"怪河马":"False",
		"河马兽":"False",
		"紫天蝎":"False",
		"龙王蝎":"False",
		"不良蛙":"False",
		"毒骷蛙":"False",
		"尖牙笼":"False",
		"萤光鱼":"False",
		"霓虹鱼":"False",
		"小球飞鱼":"False",
		"雪笠怪":"False",
		"暴雪王":"False",
		"玛狃拉":"False",
		"自爆磁怪":"False",
		"大舌舔":"False",
		"超铁暴龙":"False",
		"巨蔓藤":"False",
		"电击魔兽":"False",
		"鸭嘴焰龙":"False",
		"波克基斯":"False",
		"梅卡阳玛":"False",
		"叶精灵":"False",
		"冰精灵":"False",
		"天蝎王":"False",
		"象牙猪":"False",
		"3D龙Z":"False",
		"艾路雷朵":"False",
		"大朝北鼻":"False",
		"夜黑魔人":"False",
		"雪妖女":"False",
		"洛托姆":"False",
		"由克希":"False",
		"艾姆利多":"False",
		"亚克诺姆":"False",
		"帝牙卢卡":"False",
		"帕路奇犽":"False",
		"席多蓝恩":"False",
		"雷吉奇卡斯":"False",
		"骑拉帝纳":"False",
		"克雷色利亚":"False",
		"霏欧纳":"False",
		"玛纳霏":"False",
		"达克莱伊":"False",
		"谢米":"False",
		"阿尔宙斯":"False",
		"比克提尼":"False",
		"藤藤蛇":"False",
		"青藤蛇":"False",
		"君主蛇":"False",
		"暖暖猪":"False",
		"炒炒猪":"False",
		"炎武王":"False",
		"水水獭":"False",
		"双刃丸":"False",
		"大剑鬼":"False",
		"探探鼠":"False",
		"步哨鼠":"False",
		"小约克":"False",
		"哈约克":"False",
		"长毛狗":"False",
		"扒手猫":"False",
		"酷豹":"False",
		"花椰猴":"False",
		"花椰猿":"False",
		"爆香猴":"False",
		"爆香猿":"False",
		"冷水猴":"False",
		"冷水猿":"False",
		"食梦梦":"False",
		"梦梦蚀":"False",
		"豆豆鸽":"False",
		"波波鸽":"False",
		"轰隆雉鸡":"False",
		"斑斑马":"False",
		"雷电斑马":"False",
		"石丸子":"False",
		"地幔岩":"False",
		"庞岩怪":"False",
		"滚滚蝙蝠":"False",
		"心蝙蝠":"False",
		"螺钉地鼠":"False",
		"龙头地鼠":"False",
		"差不多娃娃":"False",
		"搬运小匠":"False",
		"铁骨土人":"False",
		"修缮老头":"False",
		"圆蝌蚪":"False",
		"蓝蟾蜍":"False",
		"蟾蜍王":"False",
		"投射鬼":"False",
		"打击鬼":"False",
		"虫宝包":"False",
		"宝包茧":"False",
		"保母虫":"False",
		"百足蜈蚣":"False",
		"车轮球":"False",
		"蜈蚣王":"False",
		"木棉球":"False",
		"风妖精":"False",
		"百合根娃娃":"False",
		"裙儿小姐":"False",
		"勇士鲈鱼":"False",
		"黑眼鳄":"False",
		"混混鳄":"False",
		"流氓鳄":"False",
		"火红不倒翁":"False",
		"达摩狒狒":"False",
		"街头沙铃":"False",
		"石居蟹":"False",
		"岩殿居蟹":"False",
		"滑头小子":"False",
		"头巾混混":"False",
		"象征鸟":"False",
		"哭哭面具":"False",
		"死神棺":"False",
		"原盖海龟":"False",
		"肋骨海龟":"False",
		"始祖小鸟":"False",
		"始祖大鸟":"False",
		"破破袋":"False",
		"灰尘山":"False",
		"索罗亚":"False",
		"索罗亚克":"False",
		"泡沫栗鼠":"False",
		"奇诺栗鼠":"False",
		"哥德宝宝":"False",
		"哥德小童":"False",
		"哥德小姐":"False",
		"单卵细胞球":"False",
		"双卵细胞球":"False",
		"人造细胞卵":"False",
		"鸭宝宝":"False",
		"首席天鹅":"False",
		"迷你冰":"False",
		"多多冰":"False",
		"双倍多多冰":"False",
		"四季鹿":"False",
		"芽吹鹿":"False",
		"电飞鼠":"False",
		"盖盖虫":"False",
		"骑士蜗牛":"False",
		"宝贝球菇":"False",
		"暴露菇":"False",
		"轻飘飘":"False",
		"胖嘟嘟":"False",
		"保母曼波":"False",
		"电电虫":"False",
		"电蜘蛛":"False",
		"种子铁球":"False",
		"坚果哑铃":"False",
		"齿轮儿":"False",
		"齿轮组":"False",
		"齿轮怪":"False",
		"麻麻小鱼":"False",
		"麻麻鳗":"False",
		"麻麻鳗鱼王":"False",
		"小灰怪":"False",
		"大宇怪":"False",
		"烛光灵":"False",
		"灯火幽灵":"False",
		"水晶灯火灵":"False",
		"牙牙":"False",
		"斧牙龙":"False",
		"双斧战龙":"False",
		"喷嚏熊":"False",
		"冻原熊":"False",
		"几何雪花":"False",
		"小嘴蜗":"False",
		"敏捷虫":"False",
		"泥巴鱼":"False",
		"功夫鼬":"False",
		"师父鼬":"False",
		"赤面龙":"False",
		"泥偶小人":"False",
		"泥偶巨人":"False",
		"驹刀小兵":"False",
		"劈斩司令":"False",
		"爆爆头水牛":"False",
		"毛头小鹰":"False",
		"勇士鹰":"False",
		"秃鹰小子":"False",
		"秃鹰娜":"False",
		"食蚁炉":"False",
		"铁蚁":"False",
		"单首龙":"False",
		"双头龙":"False",
		"三头龙":"False",
		"燃烧虫":"False",
		"火神虫":"False",
		"勾帕路翁":"False",
		"代拉基翁":"False",
		"毕力吉翁":"False",
		"龙卷云":"False",
		"雷电云":"False",
		"雷希拉姆":"False",
		"捷克罗姆":"False",
		"土地云":"False",
		"酋雷姆":"False",
		"凯路迪欧":"False",
		"美洛耶塔":"False",
		"盖诺赛克特":"False",
		"哈力栗":"False",
		"胖胖哈力":"False",
		"布里卡隆":"False",
		"火狐狸":"False",
		"长尾火狐":"False",
		"妖火红狐":"False",
		"呱呱泡蛙":"False",
		"呱头蛙":"False",
		"甲贺忍蛙":"False",
		"掘掘兔":"False",
		"攉土兔":"False",
		"小箭雀":"False",
		"火箭雀":"False",
		"烈箭鹟":"False",
		"粉蛹":"False",
		"粉蝶蛹":"False",
		"碧粉蝶":"False",
		"小狮狮":"False",
		"火炎狮":"False",
		"花蓓蓓":"False",
		"花叶蒂":"False",
		"花洁夫人":"False",
		"咩咩羊":"False",
		"坐骑山羊":"False",
		"顽皮熊猫":"False",
		"流氓熊猫":"False",
		"多丽米亚":"False",
		"妙喵":"False",
		"超能妙喵":"False",
		"独剑鞘":"False",
		"双剑鞘":"False",
		"坚盾剑怪":"False",
		"粉香香":"False",
		"芳香精":"False",
		"绵绵泡芙":"False",
		"胖甜妮":"False",
		"豪喇花枝":"False",
		"乌贼王":"False",
		"龟脚脚":"False",
		"龟足巨铠":"False",
		"垃垃藻":"False",
		"毒拉蜜妮":"False",
		"铁臂枪虾":"False",
		"钢炮臂虾":"False",
		"伞电蜥":"False",
		"电伞查特":"False",
		"宝宝暴龙":"False",
		"怪颚龙":"False",
		"冰雪龙":"False",
		"冰雪巨龙":"False",
		"仙子精灵":"False",
		"战斗飞鸟":"False",
		"咚咚鼠":"False",
		"小碎钻":"False",
		"黏黏宝":"False",
		"黏美伊儿":"False",
		"黏美露龙":"False",
		"钥圈儿":"False",
		"小木灵":"False",
		"朽木妖":"False",
		"南瓜精":"False",
		"南瓜怪人":"False",
		"冰宝":"False",
		"冰岩怪":"False",
		"嗡蝠":"False",
		"音波龙":"False",
		"哲尔尼亚斯":"False",
		"伊裴尔塔尔":"False",
		"基格尔德":"False",
		"蒂安希":"False",
		"胡帕":"False",
		"波尔凯尼恩":"False"
	}
}
