{
	"alarms":[
	],
	"pokemon":{
		"Bulbasaur":"False",
		"Ivysaur":"False",
		"Venusaur":"False",
		"Charmander":"False",
		"Charmeleon":"False",
		"Charizard":"False",
		"Squirtle":"False",
		"Wartortle":"False",
		"Blastoise":"False",
		"Caterpie":"False",
		"Metapod":"False",
		"Butterfree":"False",
		"Weedle":"False",
		"Kakuna":"False",
		"Beedrill":"False",
		"Pidgey":"False",
		"Pidgeotto":"False",
		"Pidgeot":"False",
		"Rattata":"False",
		"Raticate":"False",
		"Spearow":"False",
		"Fearow":"False",
		"Ekans":"False",
		"Arbok":"False",
		"Pikachu":"False",
		"Raichu":"False",
		"Sandshrew":"False",
		"Sandslash":"False",
		"Nidoran♀":"False",
		"Nidorina":"False",
		"Nidoqueen":"False",
		"Nidoran♂":"False",
		"Nidorino":"False",
		"Nidoking":"False",
		"Clefairy":"False",
		"Clefable":"False",
		"Vulpix":"False",
		"Ninetales":"False",
		"Jigglypuff":"False",
		"Wigglytuff":"False",
		"Zubat":"False",
		"Golbat":"False",
		"Oddish":"False",
		"Gloom":"False",
		"Vileplume":"False",
		"Paras":"False",
		"Parasect":"False",
		"Venonat":"False",
		"Venomoth":"False",
		"Diglett":"False",
		"Dugtrio":"False",
		"Meowth":"False",
		"Persian":"False",
		"Psyduck":"False",
		"Golduck":"False",
		"Mankey":"False",
		"Primeape":"False",
		"Growlithe":"False",
		"Arcanine":"False",
		"Poliwag":"False",
		"Poliwhirl":"False",
		"Poliwrath":"False",
		"Abra":"False",
		"Kadabra":"False",
		"Alakazam":"False",
		"Machop":"False",
		"Machoke":"False",
		"Machamp":"False",
		"Bellsprout":"False",
		"Weepinbell":"False",
		"Victreebel":"False",
		"Tentacool":"False",
		"Tentacruel":"False",
		"Geodude":"False",
		"Graveler":"False",
		"Golem":"False",
		"Ponyta":"False",
		"Rapidash":"False",
		"Slowpoke":"False",
		"Slowbro":"False",
		"Magnemite":"False",
		"Magneton":"False",
		"Farfetch'd":"False",
		"Doduo":"False",
		"Dodrio":"False",
		"Seel":"False",
		"Dewgong":"False",
		"Grimer":"False",
		"Muk":"False",
		"Shellder":"False",
		"Cloyster":"False",
		"Gastly":"False",
		"Haunter":"False",
		"Gengar":"False",
		"Onix":"False",
		"Drowzee":"False",
		"Hypno":"False",
		"Krabby":"False",
		"Kingler":"False",
		"Voltorb":"False",
		"Electrode":"False",
		"Exeggcute":"False",
		"Exeggutor":"False",
		"Cubone":"False",
		"Marowak":"False",
		"Hitmonlee":"False",
		"Hitmonchan":"False",
		"Lickitung":"False",
		"Koffing":"False",
		"Weezing":"False",
		"Rhyhorn":"False",
		"Rhydon":"False",
		"Chansey":"False",
		"Tangela":"False",
		"Kangaskhan":"False",
		"Horsea":"False",
		"Seadra":"False",
		"Goldeen":"False",
		"Seaking":"False",
		"Staryu":"False",
		"Starmie":"False",
		"Mr.:"False",
		Mime":"False",
		"Scyther":"False",
		"Jynx":"False",
		"Electabuzz":"False",
		"Magmar":"False",
		"Pinsir":"False",
		"Tauros":"False",
		"Magikarp":"False",
		"Gyarados":"False",
		"Lapras":"False",
		"Ditto":"False",
		"Eevee":"False",
		"Vaporeon":"False",
		"Jolteon":"False",
		"Flareon":"False",
		"Porygon":"False",
		"Omanyte":"False",
		"Omastar":"False",
		"Kabuto":"False",
		"Kabutops":"False",
		"Aerodactyl":"False",
		"Snorlax":"False",
		"Articuno":"False",
		"Zapdos":"False",
		"Moltres":"False",
		"Dratini":"False",
		"Dragonair":"False",
		"Dragonite":"False",
		"Mewtwo":"False",
		"Mew":"False",
		"Chikorita":"False",
		"Bayleef":"False",
		"Meganium":"False",
		"Cyndaquil":"False",
		"Quilava":"False",
		"Typhlosion":"False",
		"Totodile":"False",
		"Croconaw":"False",
		"Feraligatr":"False",
		"Sentret":"False",
		"Furret":"False",
		"Hoothoot":"False",
		"Noctowl":"False",
		"Ledyba":"False",
		"Ledian":"False",
		"Spinarak":"False",
		"Ariados":"False",
		"Crobat":"False",
		"Chinchou":"False",
		"Lanturn":"False",
		"Pichu":"False",
		"Cleffa":"False",
		"Igglybuff":"False",
		"Togepi":"False",
		"Togetic":"False",
		"Natu":"False",
		"Xatu":"False",
		"Mareep":"False",
		"Flaaffy":"False",
		"Ampharos":"False",
		"Bellossom":"False",
		"Marill":"False",
		"Azumarill":"False",
		"Sudowoodo":"False",
		"Politoed":"False",
		"Hoppip":"False",
		"Skiploom":"False",
		"Jumpluff":"False",
		"Aipom":"False",
		"Sunkern":"False",
		"Sunflora":"False",
		"Yanma":"False",
		"Wooper":"False",
		"Quagsire":"False",
		"Espeon":"False",
		"Umbreon":"False",
		"Murkrow":"False",
		"Slowking":"False",
		"Misdreavus":"False",
		"Unown":"False",
		"Wobbuffet":"False",
		"Girafarig":"False",
		"Pineco":"False",
		"Forretress":"False",
		"Dunsparce":"False",
		"Gligar":"False",
		"Steelix":"False",
		"Snubbull":"False",
		"Granbull":"False",
		"Qwilfish":"False",
		"Scizor":"False",
		"Shuckle":"False",
		"Heracross":"False",
		"Sneasel":"False",
		"Teddiursa":"False",
		"Ursaring":"False",
		"Slugma":"False",
		"Magcargo":"False",
		"Swinub":"False",
		"Piloswine":"False",
		"Corsola":"False",
		"Remoraid":"False",
		"Octillery":"False",
		"Delibird":"False",
		"Mantine":"False",
		"Skarmory":"False",
		"Houndour":"False",
		"Houndoom":"False",
		"Kingdra":"False",
		"Phanpy":"False",
		"Donphan":"False",
		"Porygon2":"False",
		"Stantler":"False",
		"Smeargle":"False",
		"Tyrogue":"False",
		"Hitmontop":"False",
		"Smoochum":"False",
		"Elekid":"False",
		"Magby":"False",
		"Miltank":"False",
		"Blissey":"False",
		"Raikou":"False",
		"Entei":"False",
		"Suicune":"False",
		"Larvitar":"False",
		"Pupitar":"False",
		"Tyranitar":"False",
		"Lugia":"False",
		"Ho-Oh":"False",
		"Celebi":"False",
		"Treecko":"False",
		"Grovyle":"False",
		"Sceptile":"False",
		"Torchic":"False",
		"Combusken":"False",
		"Blaziken":"False",
		"Mudkip":"False",
		"Marshtomp":"False",
		"Swampert":"False",
		"Poochyena":"False",
		"Mightyena":"False",
		"Zigzagoon":"False",
		"Linoone":"False",
		"Wurmple":"False",
		"Silcoon":"False",
		"Beautifly":"False",
		"Cascoon":"False",
		"Dustox":"False",
		"Lotad":"False",
		"Lombre":"False",
		"Ludicolo":"False",
		"Seedot":"False",
		"Nuzleaf":"False",
		"Shiftry":"False",
		"Taillow":"False",
		"Swellow":"False",
		"Wingull":"False",
		"Pelipper":"False",
		"Ralts":"False",
		"Kirlia":"False",
		"Gardevoir":"False",
		"Surskit":"False",
		"Masquerain":"False",
		"Shroomish":"False",
		"Breloom":"False",
		"Slakoth":"False",
		"Vigoroth":"False",
		"Slaking":"False",
		"Nincada":"False",
		"Ninjask":"False",
		"Shedinja":"False",
		"Whismur":"False",
		"Loudred":"False",
		"Exploud":"False",
		"Makuhita":"False",
		"Hariyama":"False",
		"Azurill":"False",
		"Nosepass":"False",
		"Skitty":"False",
		"Delcatty":"False",
		"Sableye":"False",
		"Mawile":"False",
		"Aron":"False",
		"Lairon":"False",
		"Aggron":"False",
		"Meditite":"False",
		"Medicham":"False",
		"Electrike":"False",
		"Manectric":"False",
		"Plusle":"False",
		"Minun":"False",
		"Volbeat":"False",
		"Illumise":"False",
		"Roselia":"False",
		"Gulpin":"False",
		"Swalot":"False",
		"Carvanha":"False",
		"Sharpedo":"False",
		"Wailmer":"False",
		"Wailord":"False",
		"Numel":"False",
		"Camerupt":"False",
		"Torkoal":"False",
		"Spoink":"False",
		"Grumpig":"False",
		"Spinda":"False",
		"Trapinch":"False",
		"Vibrava":"False",
		"Flygon":"False",
		"Cacnea":"False",
		"Cacturne":"False",
		"Swablu":"False",
		"Altaria":"False",
		"Zangoose":"False",
		"Seviper":"False",
		"Lunatone":"False",
		"Solrock":"False",
		"Barboach":"False",
		"Whiscash":"False",
		"Corphish":"False",
		"Crawdaunt":"False",
		"Baltoy":"False",
		"Claydol":"False",
		"Lileep":"False",
		"Cradily":"False",
		"Anorith":"False",
		"Armaldo":"False",
		"Feebas":"False",
		"Milotic":"False",
		"Castform":"False",
		"Kecleon":"False",
		"Shuppet":"False",
		"Banette":"False",
		"Duskull":"False",
		"Dusclops":"False",
		"Tropius":"False",
		"Chimecho":"False",
		"Absol":"False",
		"Wynaut":"False",
		"Snorunt":"False",
		"Glalie":"False",
		"Spheal":"False",
		"Sealeo":"False",
		"Walrein":"False",
		"Clamperl":"False",
		"Huntail":"False",
		"Gorebyss":"False",
		"Relicanth":"False",
		"Luvdisc":"False",
		"Bagon":"False",
		"Shelgon":"False",
		"Salamence":"False",
		"Beldum":"False",
		"Metang":"False",
		"Metagross":"False",
		"Regirock":"False",
		"Regice":"False",
		"Registeel":"False",
		"Latias":"False",
		"Latios":"False",
		"Kyogre":"False",
		"Groudon":"False",
		"Rayquaza":"False",
		"Jirachi":"False",
		"Deoxys":"False",
		"Turtwig":"False",
		"Grotle":"False",
		"Torterra":"False",
		"Chimchar":"False",
		"Monferno":"False",
		"Infernape":"False",
		"Piplup":"False",
		"Prinplup":"False",
		"Empoleon":"False",
		"Starly":"False",
		"Staravia":"False",
		"Staraptor":"False",
		"Bidoof":"False",
		"Bibarel":"False",
		"Kricketot":"False",
		"Kricketune":"False",
		"Shinx":"False",
		"Luxio":"False",
		"Luxray":"False",
		"Budew":"False",
		"Roserade":"False",
		"Cranidos":"False",
		"Rampardos":"False",
		"Shieldon":"False",
		"Bastiodon":"False",
		"Burmy":"False",
		"Wormadam":"False",
		"Mothim":"False",
		"Combee":"False",
		"Vespiquen":"False",
		"Pachirisu":"False",
		"Buizel":"False",
		"Floatzel":"False",
		"Cherubi":"False",
		"Cherrim":"False",
		"Shellos":"False",
		"Gastrodon":"False",
		"Ambipom":"False",
		"Drifloon":"False",
		"Drifblim":"False",
		"Buneary":"False",
		"Lopunny":"False",
		"Mismagius":"False",
		"Honchkrow":"False",
		"Glameow":"False",
		"Purugly":"False",
		"Chingling":"False",
		"Stunky":"False",
		"Skuntank":"False",
		"Bronzor":"False",
		"Bronzong":"False",
		"Bonsly":"False",
		"Mime:"False",
		Jr.":"False",
		"Happiny":"False",
		"Chatot":"False",
		"Spiritomb":"False",
		"Gible":"False",
		"Gabite":"False",
		"Garchomp":"False",
		"Munchlax":"False",
		"Riolu":"False",
		"Lucario":"False",
		"Hippopotas":"False",
		"Hippowdon":"False",
		"Skorupi":"False",
		"Drapion":"False",
		"Croagunk":"False",
		"Toxicroak":"False",
		"Carnivine":"False",
		"Finneon":"False",
		"Lumineon":"False",
		"Mantyke":"False",
		"Snover":"False",
		"Abomasnow":"False",
		"Weavile":"False",
		"Magnezone":"False",
		"Lickilicky":"False",
		"Rhyperior":"False",
		"Tangrowth":"False",
		"Electivire":"False",
		"Magmortar":"False",
		"Togekiss":"False",
		"Yanmega":"False",
		"Leafeon":"False",
		"Glaceon":"False",
		"Gliscor":"False",
		"Mamoswine":"False",
		"Porygon-Z":"False",
		"Gallade":"False",
		"Probopass":"False",
		"Dusknoir":"False",
		"Froslass":"False",
		"Rotom":"False",
		"Uxie":"False",
		"Mesprit":"False",
		"Azelf":"False",
		"Dialga":"False",
		"Palkia":"False",
		"Heatran":"False",
		"Regigigas":"False",
		"Giratina":"False",
		"Cresselia":"False",
		"Phione":"False",
		"Manaphy":"False",
		"Darkrai":"False",
		"Shaymin":"False",
		"Arceus":"False",
		"Victini":"False",
		"Snivy":"False",
		"Servine":"False",
		"Serperior":"False",
		"Tepig":"False",
		"Pignite":"False",
		"Emboar":"False",
		"Oshawott":"False",
		"Dewott":"False",
		"Samurott":"False",
		"Patrat":"False",
		"Watchog":"False",
		"Lillipup":"False",
		"Herdier":"False",
		"Stoutland":"False",
		"Purrloin":"False",
		"Liepard":"False",
		"Pansage":"False",
		"Simisage":"False",
		"Pansear":"False",
		"Simisear":"False",
		"Panpour":"False",
		"Simipour":"False",
		"Munna":"False",
		"Musharna":"False",
		"Pidove":"False",
		"Tranquill":"False",
		"Unfezant":"False",
		"Blitzle":"False",
		"Zebstrika":"False",
		"Roggenrola":"False",
		"Boldore":"False",
		"Gigalith":"False",
		"Woobat":"False",
		"Swoobat":"False",
		"Drilbur":"False",
		"Excadrill":"False",
		"Audino":"False",
		"Timburr":"False",
		"Gurdurr":"False",
		"Conkeldurr":"False",
		"Tympole":"False",
		"Palpitoad":"False",
		"Seismitoad":"False",
		"Throh":"False",
		"Sawk":"False",
		"Sewaddle":"False",
		"Swadloon":"False",
		"Leavanny":"False",
		"Venipede":"False",
		"Whirlipede":"False",
		"Scolipede":"False",
		"Cottonee":"False",
		"Whimsicott":"False",
		"Petilil":"False",
		"Lilligant":"False",
		"Basculin":"False",
		"Sandile":"False",
		"Krokorok":"False",
		"Krookodile":"False",
		"Darumaka":"False",
		"Darmanitan":"False",
		"Maractus":"False",
		"Dwebble":"False",
		"Crustle":"False",
		"Scraggy":"False",
		"Scrafty":"False",
		"Sigilyph":"False",
		"Yamask":"False",
		"Cofagrigus":"False",
		"Tirtouga":"False",
		"Carracosta":"False",
		"Archen":"False",
		"Archeops":"False",
		"Trubbish":"False",
		"Garbodor":"False",
		"Zorua":"False",
		"Zoroark":"False",
		"Minccino":"False",
		"Cinccino":"False",
		"Gothita":"False",
		"Gothorita":"False",
		"Gothitelle":"False",
		"Solosis":"False",
		"Duosion":"False",
		"Reuniclus":"False",
		"Ducklett":"False",
		"Swanna":"False",
		"Vanillite":"False",
		"Vanillish":"False",
		"Vanilluxe":"False",
		"Deerling":"False",
		"Sawsbuck":"False",
		"Emolga":"False",
		"Karrablast":"False",
		"Escavalier":"False",
		"Foongus":"False",
		"Amoonguss":"False",
		"Frillish":"False",
		"Jellicent":"False",
		"Alomomola":"False",
		"Joltik":"False",
		"Galvantula":"False",
		"Ferroseed":"False",
		"Ferrothorn":"False",
		"Klink":"False",
		"Klang":"False",
		"Klinklang":"False",
		"Tynamo":"False",
		"Eelektrik":"False",
		"Eelektross":"False",
		"Elgyem":"False",
		"Beheeyem":"False",
		"Litwick":"False",
		"Lampent":"False",
		"Chandelure":"False",
		"Axew":"False",
		"Fraxure":"False",
		"Haxorus":"False",
		"Cubchoo":"False",
		"Beartic":"False",
		"Cryogonal":"False",
		"Shelmet":"False",
		"Accelgor":"False",
		"Stunfisk":"False",
		"Mienfoo":"False",
		"Mienshao":"False",
		"Druddigon":"False",
		"Golett":"False",
		"Golurk":"False",
		"Pawniard":"False",
		"Bisharp":"False",
		"Bouffalant":"False",
		"Rufflet":"False",
		"Braviary":"False",
		"Vullaby":"False",
		"Mandibuzz":"False",
		"Heatmor":"False",
		"Durant":"False",
		"Deino":"False",
		"Zweilous":"False",
		"Hydreigon":"False",
		"Larvesta":"False",
		"Volcarona":"False",
		"Cobalion":"False",
		"Terrakion":"False",
		"Virizion":"False",
		"Tornadus":"False",
		"Thundurus":"False",
		"Reshiram":"False",
		"Zekrom":"False",
		"Landorus":"False",
		"Kyurem":"False",
		"Keldeo":"False",
		"Meloetta":"False",
		"Genesect":"False",
		"Chespin":"False",
		"Quilladin":"False",
		"Chesnaught":"False",
		"Fennekin":"False",
		"Braixen":"False",
		"Delphox":"False",
		"Froakie":"False",
		"Frogadier":"False",
		"Greninja":"False",
		"Bunnelby":"False",
		"Diggersby":"False",
		"Fletchling":"False",
		"Fletchinder":"False",
		"Talonflame":"False",
		"Scatterbug":"False",
		"Spewpa":"False",
		"Vivillon":"False",
		"Litleo":"False",
		"Pyroar":"False",
		"Flabébé":"False",
		"Floette":"False",
		"Florges":"False",
		"Skiddo":"False",
		"Gogoat":"False",
		"Pancham":"False",
		"Pangoro":"False",
		"Furfrou":"False",
		"Espurr":"False",
		"Meowstic":"False",
		"Honedge":"False",
		"Doublade":"False",
		"Aegislash":"False",
		"Spritzee":"False",
		"Aromatisse":"False",
		"Swirlix":"False",
		"Slurpuff":"False",
		"Inkay":"False",
		"Malamar":"False",
		"Binacle":"False",
		"Barbaracle":"False",
		"Skrelp":"False",
		"Dragalge":"False",
		"Clauncher":"False",
		"Clawitzer":"False",
		"Helioptile":"False",
		"Heliolisk":"False",
		"Tyrunt":"False",
		"Tyrantrum":"False",
		"Amaura":"False",
		"Aurorus":"False",
		"Sylveon":"False",
		"Hawlucha":"False",
		"Dedenne":"False",
		"Carbink":"False",
		"Goomy":"False",
		"Sliggoo":"False",
		"Goodra":"False",
		"Klefki":"False",
		"Phantump":"False",
		"Trevenant":"False",
		"Pumpkaboo":"False",
		"Gourgeist":"False",
		"Bergmite":"False",
		"Avalugg":"False",
		"Noibat":"False",
		"Noivern":"False",
		"Xerneas":"False",
		"Yveltal":"False",
		"Zygarde":"False",
		"Diancie":"False",
		"Hoopa":"False",
		"Volcanion":"False",
{
	"alarms":[
	],
	"pokemon":{
		"Bulbasaur":"False",
		"Ivysaur":"False",
		"Venusaur":"False",
		"Charmander":"False",
		"Charmeleon":"False",
		"Charizard":"False",
		"Squirtle":"False",
		"Wartortle":"False",
		"Blastoise":"False",
		"Caterpie":"False",
		"Metapod":"False",
		"Butterfree":"False",
		"Weedle":"False",
		"Kakuna":"False",
		"Beedrill":"False",
		"Pidgey":"False",
		"Pidgeotto":"False",
		"Pidgeot":"False",
		"Rattata":"False",
		"Raticate":"False",
		"Spearow":"False",
		"Fearow":"False",
		"Ekans":"False",
		"Arbok":"False",
		"Pikachu":"False",
		"Raichu":"False",
		"Sandshrew":"False",
		"Sandslash":"False",
		"Nidoran♀":"False",
		"Nidorina":"False",
		"Nidoqueen":"False",
		"Nidoran♂":"False",
		"Nidorino":"False",
		"Nidoking":"False",
		"Clefairy":"False",
		"Clefable":"False",
		"Vulpix":"False",
		"Ninetales":"False",
		"Jigglypuff":"False",
		"Wigglytuff":"False",
		"Zubat":"False",
		"Golbat":"False",
		"Oddish":"False",
		"Gloom":"False",
		"Vileplume":"False",
		"Paras":"False",
		"Parasect":"False",
		"Venonat":"False",
		"Venomoth":"False",
		"Diglett":"False",
		"Dugtrio":"False",
		"Meowth":"False",
		"Persian":"False",
		"Psyduck":"False",
		"Golduck":"False",
		"Mankey":"False",
		"Primeape":"False",
		"Growlithe":"False",
		"Arcanine":"False",
		"Poliwag":"False",
		"Poliwhirl":"False",
		"Poliwrath":"False",
		"Abra":"False",
		"Kadabra":"False",
		"Alakazam":"False",
		"Machop":"False",
		"Machoke":"False",
		"Machamp":"False",
		"Bellsprout":"False",
		"Weepinbell":"False",
		"Victreebel":"False",
		"Tentacool":"False",
		"Tentacruel":"False",
		"Geodude":"False",
		"Graveler":"False",
		"Golem":"False",
		"Ponyta":"False",
		"Rapidash":"False",
		"Slowpoke":"False",
		"Slowbro":"False",
		"Magnemite":"False",
		"Magneton":"False",
		"Farfetch'd":"False",
		"Doduo":"False",
		"Dodrio":"False",
		"Seel":"False",
		"Dewgong":"False",
		"Grimer":"False",
		"Muk":"False",
		"Shellder":"False",
		"Cloyster":"False",
		"Gastly":"False",
		"Haunter":"False",
		"Gengar":"False",
		"Onix":"False",
		"Drowzee":"False",
		"Hypno":"False",
		"Krabby":"False",
		"Kingler":"False",
		"Voltorb":"False",
		"Electrode":"False",
		"Exeggcute":"False",
		"Exeggutor":"False",
		"Cubone":"False",
		"Marowak":"False",
		"Hitmonlee":"False",
		"Hitmonchan":"False",
		"Lickitung":"False",
		"Koffing":"False",
		"Weezing":"False",
		"Rhyhorn":"False",
		"Rhydon":"False",
		"Chansey":"False",
		"Tangela":"False",
		"Kangaskhan":"False",
		"Horsea":"False",
		"Seadra":"False",
		"Goldeen":"False",
		"Seaking":"False",
		"Staryu":"False",
		"Starmie":"False",
		"Mr.:"False",
		Mime":"False",
		"Scyther":"False",
		"Jynx":"False",
		"Electabuzz":"False",
		"Magmar":"False",
		"Pinsir":"False",
		"Tauros":"False",
		"Magikarp":"False",
		"Gyarados":"False",
		"Lapras":"False",
		"Ditto":"False",
		"Eevee":"False",
		"Vaporeon":"False",
		"Jolteon":"False",
		"Flareon":"False",
		"Porygon":"False",
		"Omanyte":"False",
		"Omastar":"False",
		"Kabuto":"False",
		"Kabutops":"False",
		"Aerodactyl":"False",
		"Snorlax":"False",
		"Articuno":"False",
		"Zapdos":"False",
		"Moltres":"False",
		"Dratini":"False",
		"Dragonair":"False",
		"Dragonite":"False",
		"Mewtwo":"False",
		"Mew":"False",
		"Chikorita":"False",
		"Bayleef":"False",
		"Meganium":"False",
		"Cyndaquil":"False",
		"Quilava":"False",
		"Typhlosion":"False",
		"Totodile":"False",
		"Croconaw":"False",
		"Feraligatr":"False",
		"Sentret":"False",
		"Furret":"False",
		"Hoothoot":"False",
		"Noctowl":"False",
		"Ledyba":"False",
		"Ledian":"False",
		"Spinarak":"False",
		"Ariados":"False",
		"Crobat":"False",
		"Chinchou":"False",
		"Lanturn":"False",
		"Pichu":"False",
		"Cleffa":"False",
		"Igglybuff":"False",
		"Togepi":"False",
		"Togetic":"False",
		"Natu":"False",
		"Xatu":"False",
		"Mareep":"False",
		"Flaaffy":"False",
		"Ampharos":"False",
		"Bellossom":"False",
		"Marill":"False",
		"Azumarill":"False",
		"Sudowoodo":"False",
		"Politoed":"False",
		"Hoppip":"False",
		"Skiploom":"False",
		"Jumpluff":"False",
		"Aipom":"False",
		"Sunkern":"False",
		"Sunflora":"False",
		"Yanma":"False",
		"Wooper":"False",
		"Quagsire":"False",
		"Espeon":"False",
		"Umbreon":"False",
		"Murkrow":"False",
		"Slowking":"False",
		"Misdreavus":"False",
		"Unown":"False",
		"Wobbuffet":"False",
		"Girafarig":"False",
		"Pineco":"False",
		"Forretress":"False",
		"Dunsparce":"False",
		"Gligar":"False",
		"Steelix":"False",
		"Snubbull":"False",
		"Granbull":"False",
		"Qwilfish":"False",
		"Scizor":"False",
		"Shuckle":"False",
		"Heracross":"False",
		"Sneasel":"False",
		"Teddiursa":"False",
		"Ursaring":"False",
		"Slugma":"False",
		"Magcargo":"False",
		"Swinub":"False",
		"Piloswine":"False",
		"Corsola":"False",
		"Remoraid":"False",
		"Octillery":"False",
		"Delibird":"False",
		"Mantine":"False",
		"Skarmory":"False",
		"Houndour":"False",
		"Houndoom":"False",
		"Kingdra":"False",
		"Phanpy":"False",
		"Donphan":"False",
		"Porygon2":"False",
		"Stantler":"False",
		"Smeargle":"False",
		"Tyrogue":"False",
		"Hitmontop":"False",
		"Smoochum":"False",
		"Elekid":"False",
		"Magby":"False",
		"Miltank":"False",
		"Blissey":"False",
		"Raikou":"False",
		"Entei":"False",
		"Suicune":"False",
		"Larvitar":"False",
		"Pupitar":"False",
		"Tyranitar":"False",
		"Lugia":"False",
		"Ho-Oh":"False",
		"Celebi":"False",
		"Treecko":"False",
		"Grovyle":"False",
		"Sceptile":"False",
		"Torchic":"False",
		"Combusken":"False",
		"Blaziken":"False",
		"Mudkip":"False",
		"Marshtomp":"False",
		"Swampert":"False",
		"Poochyena":"False",
		"Mightyena":"False",
		"Zigzagoon":"False",
		"Linoone":"False",
		"Wurmple":"False",
		"Silcoon":"False",
		"Beautifly":"False",
		"Cascoon":"False",
		"Dustox":"False",
		"Lotad":"False",
		"Lombre":"False",
		"Ludicolo":"False",
		"Seedot":"False",
		"Nuzleaf":"False",
		"Shiftry":"False",
		"Taillow":"False",
		"Swellow":"False",
		"Wingull":"False",
		"Pelipper":"False",
		"Ralts":"False",
		"Kirlia":"False",
		"Gardevoir":"False",
		"Surskit":"False",
		"Masquerain":"False",
		"Shroomish":"False",
		"Breloom":"False",
		"Slakoth":"False",
		"Vigoroth":"False",
		"Slaking":"False",
		"Nincada":"False",
		"Ninjask":"False",
		"Shedinja":"False",
		"Whismur":"False",
		"Loudred":"False",
		"Exploud":"False",
		"Makuhita":"False",
		"Hariyama":"False",
		"Azurill":"False",
		"Nosepass":"False",
		"Skitty":"False",
		"Delcatty":"False",
		"Sableye":"False",
		"Mawile":"False",
		"Aron":"False",
		"Lairon":"False",
		"Aggron":"False",
		"Meditite":"False",
		"Medicham":"False",
		"Electrike":"False",
		"Manectric":"False",
		"Plusle":"False",
		"Minun":"False",
		"Volbeat":"False",
		"Illumise":"False",
		"Roselia":"False",
		"Gulpin":"False",
		"Swalot":"False",
		"Carvanha":"False",
		"Sharpedo":"False",
		"Wailmer":"False",
		"Wailord":"False",
		"Numel":"False",
		"Camerupt":"False",
		"Torkoal":"False",
		"Spoink":"False",
		"Grumpig":"False",
		"Spinda":"False",
		"Trapinch":"False",
		"Vibrava":"False",
		"Flygon":"False",
		"Cacnea":"False",
		"Cacturne":"False",
		"Swablu":"False",
		"Altaria":"False",
		"Zangoose":"False",
		"Seviper":"False",
		"Lunatone":"False",
		"Solrock":"False",
		"Barboach":"False",
		"Whiscash":"False",
		"Corphish":"False",
		"Crawdaunt":"False",
		"Baltoy":"False",
		"Claydol":"False",
		"Lileep":"False",
		"Cradily":"False",
		"Anorith":"False",
		"Armaldo":"False",
		"Feebas":"False",
		"Milotic":"False",
		"Castform":"False",
		"Kecleon":"False",
		"Shuppet":"False",
		"Banette":"False",
		"Duskull":"False",
		"Dusclops":"False",
		"Tropius":"False",
		"Chimecho":"False",
		"Absol":"False",
		"Wynaut":"False",
		"Snorunt":"False",
		"Glalie":"False",
		"Spheal":"False",
		"Sealeo":"False",
		"Walrein":"False",
		"Clamperl":"False",
		"Huntail":"False",
		"Gorebyss":"False",
		"Relicanth":"False",
		"Luvdisc":"False",
		"Bagon":"False",
		"Shelgon":"False",
		"Salamence":"False",
		"Beldum":"False",
		"Metang":"False",
		"Metagross":"False",
		"Regirock":"False",
		"Regice":"False",
		"Registeel":"False",
		"Latias":"False",
		"Latios":"False",
		"Kyogre":"False",
		"Groudon":"False",
		"Rayquaza":"False",
		"Jirachi":"False",
		"Deoxys":"False",
		"Turtwig":"False",
		"Grotle":"False",
		"Torterra":"False",
		"Chimchar":"False",
		"Monferno":"False",
		"Infernape":"False",
		"Piplup":"False",
		"Prinplup":"False",
		"Empoleon":"False",
		"Starly":"False",
		"Staravia":"False",
		"Staraptor":"False",
		"Bidoof":"False",
		"Bibarel":"False",
		"Kricketot":"False",
		"Kricketune":"False",
		"Shinx":"False",
		"Luxio":"False",
		"Luxray":"False",
		"Budew":"False",
		"Roserade":"False",
		"Cranidos":"False",
		"Rampardos":"False",
		"Shieldon":"False",
		"Bastiodon":"False",
		"Burmy":"False",
		"Wormadam":"False",
		"Mothim":"False",
		"Combee":"False",
		"Vespiquen":"False",
		"Pachirisu":"False",
		"Buizel":"False",
		"Floatzel":"False",
		"Cherubi":"False",
		"Cherrim":"False",
		"Shellos":"False",
		"Gastrodon":"False",
		"Ambipom":"False",
		"Drifloon":"False",
		"Drifblim":"False",
		"Buneary":"False",
		"Lopunny":"False",
		"Mismagius":"False",
		"Honchkrow":"False",
		"Glameow":"False",
		"Purugly":"False",
		"Chingling":"False",
		"Stunky":"False",
		"Skuntank":"False",
		"Bronzor":"False",
		"Bronzong":"False",
		"Bonsly":"False",
		"Mime:"False",
		Jr.":"False",
		"Happiny":"False",
		"Chatot":"False",
		"Spiritomb":"False",
		"Gible":"False",
		"Gabite":"False",
		"Garchomp":"False",
		"Munchlax":"False",
		"Riolu":"False",
		"Lucario":"False",
		"Hippopotas":"False",
		"Hippowdon":"False",
		"Skorupi":"False",
		"Drapion":"False",
		"Croagunk":"False",
		"Toxicroak":"False",
		"Carnivine":"False",
		"Finneon":"False",
		"Lumineon":"False",
		"Mantyke":"False",
		"Snover":"False",
		"Abomasnow":"False",
		"Weavile":"False",
		"Magnezone":"False",
		"Lickilicky":"False",
		"Rhyperior":"False",
		"Tangrowth":"False",
		"Electivire":"False",
		"Magmortar":"False",
		"Togekiss":"False",
		"Yanmega":"False",
		"Leafeon":"False",
		"Glaceon":"False",
		"Gliscor":"False",
		"Mamoswine":"False",
		"Porygon-Z":"False",
		"Gallade":"False",
		"Probopass":"False",
		"Dusknoir":"False",
		"Froslass":"False",
		"Rotom":"False",
		"Uxie":"False",
		"Mesprit":"False",
		"Azelf":"False",
		"Dialga":"False",
		"Palkia":"False",
		"Heatran":"False",
		"Regigigas":"False",
		"Giratina":"False",
		"Cresselia":"False",
		"Phione":"False",
		"Manaphy":"False",
		"Darkrai":"False",
		"Shaymin":"False",
		"Arceus":"False",
		"Victini":"False",
		"Snivy":"False",
		"Servine":"False",
		"Serperior":"False",
		"Tepig":"False",
		"Pignite":"False",
		"Emboar":"False",
		"Oshawott":"False",
		"Dewott":"False",
		"Samurott":"False",
		"Patrat":"False",
		"Watchog":"False",
		"Lillipup":"False",
		"Herdier":"False",
		"Stoutland":"False",
		"Purrloin":"False",
		"Liepard":"False",
		"Pansage":"False",
		"Simisage":"False",
		"Pansear":"False",
		"Simisear":"False",
		"Panpour":"False",
		"Simipour":"False",
		"Munna":"False",
		"Musharna":"False",
		"Pidove":"False",
		"Tranquill":"False",
		"Unfezant":"False",
		"Blitzle":"False",
		"Zebstrika":"False",
		"Roggenrola":"False",
		"Boldore":"False",
		"Gigalith":"False",
		"Woobat":"False",
		"Swoobat":"False",
		"Drilbur":"False",
		"Excadrill":"False",
		"Audino":"False",
		"Timburr":"False",
		"Gurdurr":"False",
		"Conkeldurr":"False",
		"Tympole":"False",
		"Palpitoad":"False",
		"Seismitoad":"False",
		"Throh":"False",
		"Sawk":"False",
		"Sewaddle":"False",
		"Swadloon":"False",
		"Leavanny":"False",
		"Venipede":"False",
		"Whirlipede":"False",
		"Scolipede":"False",
		"Cottonee":"False",
		"Whimsicott":"False",
		"Petilil":"False",
		"Lilligant":"False",
		"Basculin":"False",
		"Sandile":"False",
		"Krokorok":"False",
		"Krookodile":"False",
		"Darumaka":"False",
		"Darmanitan":"False",
		"Maractus":"False",
		"Dwebble":"False",
		"Crustle":"False",
		"Scraggy":"False",
		"Scrafty":"False",
		"Sigilyph":"False",
		"Yamask":"False",
		"Cofagrigus":"False",
		"Tirtouga":"False",
		"Carracosta":"False",
		"Archen":"False",
		"Archeops":"False",
		"Trubbish":"False",
		"Garbodor":"False",
		"Zorua":"False",
		"Zoroark":"False",
		"Minccino":"False",
		"Cinccino":"False",
		"Gothita":"False",
		"Gothorita":"False",
		"Gothitelle":"False",
		"Solosis":"False",
		"Duosion":"False",
		"Reuniclus":"False",
		"Ducklett":"False",
		"Swanna":"False",
		"Vanillite":"False",
		"Vanillish":"False",
		"Vanilluxe":"False",
		"Deerling":"False",
		"Sawsbuck":"False",
		"Emolga":"False",
		"Karrablast":"False",
		"Escavalier":"False",
		"Foongus":"False",
		"Amoonguss":"False",
		"Frillish":"False",
		"Jellicent":"False",
		"Alomomola":"False",
		"Joltik":"False",
		"Galvantula":"False",
		"Ferroseed":"False",
		"Ferrothorn":"False",
		"Klink":"False",
		"Klang":"False",
		"Klinklang":"False",
		"Tynamo":"False",
		"Eelektrik":"False",
		"Eelektross":"False",
		"Elgyem":"False",
		"Beheeyem":"False",
		"Litwick":"False",
		"Lampent":"False",
		"Chandelure":"False",
		"Axew":"False",
		"Fraxure":"False",
		"Haxorus":"False",
		"Cubchoo":"False",
		"Beartic":"False",
		"Cryogonal":"False",
		"Shelmet":"False",
		"Accelgor":"False",
		"Stunfisk":"False",
		"Mienfoo":"False",
		"Mienshao":"False",
		"Druddigon":"False",
		"Golett":"False",
		"Golurk":"False",
		"Pawniard":"False",
		"Bisharp":"False",
		"Bouffalant":"False",
		"Rufflet":"False",
		"Braviary":"False",
		"Vullaby":"False",
		"Mandibuzz":"False",
		"Heatmor":"False",
		"Durant":"False",
		"Deino":"False",
		"Zweilous":"False",
		"Hydreigon":"False",
		"Larvesta":"False",
		"Volcarona":"False",
		"Cobalion":"False",
		"Terrakion":"False",
		"Virizion":"False",
		"Tornadus":"False",
		"Thundurus":"False",
		"Reshiram":"False",
		"Zekrom":"False",
		"Landorus":"False",
		"Kyurem":"False",
		"Keldeo":"False",
		"Meloetta":"False",
		"Genesect":"False",
		"Chespin":"False",
		"Quilladin":"False",
		"Chesnaught":"False",
		"Fennekin":"False",
		"Braixen":"False",
		"Delphox":"False",
		"Froakie":"False",
		"Frogadier":"False",
		"Greninja":"False",
		"Bunnelby":"False",
		"Diggersby":"False",
		"Fletchling":"False",
		"Fletchinder":"False",
		"Talonflame":"False",
		"Scatterbug":"False",
		"Spewpa":"False",
		"Vivillon":"False",
		"Litleo":"False",
		"Pyroar":"False",
		"Flabébé":"False",
		"Floette":"False",
		"Florges":"False",
		"Skiddo":"False",
		"Gogoat":"False",
		"Pancham":"False",
		"Pangoro":"False",
		"Furfrou":"False",
		"Espurr":"False",
		"Meowstic":"False",
		"Honedge":"False",
		"Doublade":"False",
		"Aegislash":"False",
		"Spritzee":"False",
		"Aromatisse":"False",
		"Swirlix":"False",
		"Slurpuff":"False",
		"Inkay":"False",
		"Malamar":"False",
		"Binacle":"False",
		"Barbaracle":"False",
		"Skrelp":"False",
		"Dragalge":"False",
		"Clauncher":"False",
		"Clawitzer":"False",
		"Helioptile":"False",
		"Heliolisk":"False",
		"Tyrunt":"False",
		"Tyrantrum":"False",
		"Amaura":"False",
		"Aurorus":"False",
		"Sylveon":"False",
		"Hawlucha":"False",
		"Dedenne":"False",
		"Carbink":"False",
		"Goomy":"False",
		"Sliggoo":"False",
		"Goodra":"False",
		"Klefki":"False",
		"Phantump":"False",
		"Trevenant":"False",
		"Pumpkaboo":"False",
		"Gourgeist":"False",
		"Bergmite":"False",
		"Avalugg":"False",
		"Noibat":"False",
		"Noivern":"False",
		"Xerneas":"False",
		"Yveltal":"False",
		"Zygarde":"False",
		"Diancie":"False",
		"Hoopa":"False",
		"Volcanion":"False"
	}
}
