{
	"alarms":[
	],
	"pokemon":{
		"奇異種子":"False",
		"奇異草":"False",
		"奇異花":"False",
		"小火龍":"False",
		"火恐龍":"False",
		"噴火龍":"False",
		"車厘龜":"False",
		"卡美龜":"False",
		"水箭龜":"False",
		"綠毛蟲":"False",
		"鐵甲蟲":"False",
		"巴他蝶":"False",
		"獨角蟲":"False",
		"鐵殼蛹":"False",
		"大針蜂":"False",
		"波波":"False",
		"比比鳥":"False",
		"大比鳥":"False",
		"小哥達":"False",
		"哥達":"False",
		"鬼雀":"False",
		"魔雀":"False",
		"阿柏蛇":"False",
		"阿柏怪":"False",
		"比卡超":"False",
		"雷超":"False",
		"穿山鼠":"False",
		"穿山王":"False",
		"尼美蘭":"False",
		"尼美蘿":"False",
		"尼美后":"False",
		"尼多郎":"False",
		"尼多利":"False",
		"尼多王":"False",
		"皮皮":"False",
		"皮可斯":"False",
		"六尾":"False",
		"九尾":"False",
		"波波球":"False",
		"肥波球":"False",
		"波音蝠":"False",
		"大口蝠":"False",
		"行路草":"False",
		"怪味花":"False",
		"霸王花":"False",
		"蘑菇蟲":"False",
		"巨菇蟲":"False",
		"毛毛蟲":"False",
		"魔魯風":"False",
		"地鼠":"False",
		"三頭地鼠":"False",
		"喵喵怪":"False",
		"高竇貓":"False",
		"傻鴨":"False",
		"高超鴨":"False",
		"猴怪":"False",
		"火爆猴":"False",
		"護主犬":"False",
		"奉神犬":"False",
		"蚊香蝌蚪":"False",
		"蚊香蛙":"False",
		"大力蛙":"False",
		"卡斯":"False",
		"尤基納":"False",
		"富迪":"False",
		"鐵腕":"False",
		"大力":"False",
		"怪力":"False",
		"喇叭芽":"False",
		"口呆花":"False",
		"大食花":"False",
		"大眼水母":"False",
		"多腳水母":"False",
		"小拳石":"False",
		"滾動石":"False",
		"滾動岩":"False",
		"小火馬":"False",
		"烈焰馬":"False",
		"小呆獸":"False",
		"大呆獸":"False",
		"小磁怪":"False",
		"三合一磁怪":"False",
		"火蔥鴨":"False",
		"多多":"False",
		"多多利":"False",
		"小海獅":"False",
		"白海獅":"False",
		"爛泥怪":"False",
		"爛泥獸":"False",
		"貝殼怪":"False",
		"鐵甲貝":"False",
		"鬼斯":"False",
		"鬼斯通":"False",
		"耿鬼":"False",
		"大岩蛇":"False",
		"食夢獸":"False",
		"催眠獸":"False",
		"大鉗蟹":"False",
		"巨鉗蟹":"False",
		"霹靂蛋":"False",
		"雷霆蛋":"False",
		"蛋蛋":"False",
		"椰樹獸":"False",
		"卡拉卡拉":"False",
		"格拉格拉":"False",
		"沙古拉":"False",
		"比華拉":"False",
		"大舌頭":"False",
		"毒氣丸":"False",
		"毒氣雙子":"False",
		"鐵甲犀牛":"False",
		"鐵甲暴龍":"False",
		"吉利蛋":"False",
		"長籐怪":"False",
		"袋獸":"False",
		"噴墨海馬":"False",
		"飛刺海馬":"False",
		"獨角金魚":"False",
		"金魚王":"False",
		"海星星":"False",
		"寶石海星":"False",
		"吸盤小丑":"False",
		"飛天螳螂":"False",
		"紅唇娃":"False",
		"電擊獸":"False",
		"鴨嘴火龍":"False",
		"鉗刀甲蟲":"False",
		"大隻牛":"False",
		"鯉魚王":"False",
		"鯉魚龍":"False",
		"背背龍":"False",
		"百變怪":"False",
		"伊貝":"False",
		"水伊貝":"False",
		"雷伊貝":"False",
		"火伊貝":"False",
		"立方獸":"False",
		"菊石獸":"False",
		"多刺菊石獸":"False",
		"萬年蟲":"False",
		"鐮刀蟲":"False",
		"化石飛龍":"False",
		"卡比獸":"False",
		"急凍鳥":"False",
		"雷鳥":"False",
		"火鳥":"False",
		"迷你龍":"False",
		"哈古龍":"False",
		"啟暴龍":"False",
		"超夢夢":"False",
		"夢夢":"False",
		"Chikorita":"False",
		"Bayleef":"False",
		"Meganium":"False",
		"Cyndaquil":"False",
		"Quilava":"False",
		"Typhlosion":"False",
		"Totodile":"False",
		"Croconaw":"False",
		"Feraligatr":"False",
		"Sentret":"False",
		"Furret":"False",
		"Hoothoot":"False",
		"Noctowl":"False",
		"Ledyba":"False",
		"Ledian":"False",
		"Spinarak":"False",
		"Ariados":"False",
		"Crobat":"False",
		"Chinchou":"False",
		"Lanturn":"False",
		"Pichu":"False",
		"Cleffa":"False",
		"Igglybuff":"False",
		"Togepi":"False",
		"Togetic":"False",
		"Natu":"False",
		"Xatu":"False",
		"Mareep":"False",
		"Flaaffy":"False",
		"Ampharos":"False",
		"Bellossom":"False",
		"Marill":"False",
		"Azumarill":"False",
		"Sudowoodo":"False",
		"Politoed":"False",
		"Hoppip":"False",
		"Skiploom":"False",
		"Jumpluff":"False",
		"Aipom":"False",
		"Sunkern":"False",
		"Sunflora":"False",
		"Yanma":"False",
		"Wooper":"False",
		"Quagsire":"False",
		"Espeon":"False",
		"Umbreon":"False",
		"Murkrow":"False",
		"Slowking":"False",
		"Misdreavus":"False",
		"Unown":"False",
		"Wobbuffet":"False",
		"Girafarig":"False",
		"Pineco":"False",
		"Forretress":"False",
		"Dunsparce":"False",
		"Gligar":"False",
		"Steelix":"False",
		"Snubbull":"False",
		"Granbull":"False",
		"Qwilfish":"False",
		"Scizor":"False",
		"Shuckle":"False",
		"Heracross":"False",
		"Sneasel":"False",
		"Teddiursa":"False",
		"Ursaring":"False",
		"Slugma":"False",
		"Magcargo":"False",
		"Swinub":"False",
		"Piloswine":"False",
		"Corsola":"False",
		"Remoraid":"False",
		"Octillery":"False",
		"Delibird":"False",
		"Mantine":"False",
		"Skarmory":"False",
		"Houndour":"False",
		"Houndoom":"False",
		"Kingdra":"False",
		"Phanpy":"False",
		"Donphan":"False",
		"Porygon2":"False",
		"Stantler":"False",
		"Smeargle":"False",
		"Tyrogue":"False",
		"Hitmontop":"False",
		"Smoochum":"False",
		"Elekid":"False",
		"Magby":"False",
		"Miltank":"False",
		"Blissey":"False",
		"Raikou":"False",
		"Entei":"False",
		"Suicune":"False",
		"Larvitar":"False",
		"Pupitar":"False",
		"Tyranitar":"False",
		"Lugia":"False",
		"Ho-Oh":"False",
		"Celebi":"False",
		"Treecko":"False",
		"Grovyle":"False",
		"Sceptile":"False",
		"Torchic":"False",
		"Combusken":"False",
		"Blaziken":"False",
		"Mudkip":"False",
		"Marshtomp":"False",
		"Swampert":"False",
		"Poochyena":"False",
		"Mightyena":"False",
		"Zigzagoon":"False",
		"Linoone":"False",
		"Wurmple":"False",
		"Silcoon":"False",
		"Beautifly":"False",
		"Cascoon":"False",
		"Dustox":"False",
		"Lotad":"False",
		"Lombre":"False",
		"Ludicolo":"False",
		"Seedot":"False",
		"Nuzleaf":"False",
		"Shiftry":"False",
		"Taillow":"False",
		"Swellow":"False",
		"Wingull":"False",
		"Pelipper":"False",
		"Ralts":"False",
		"Kirlia":"False",
		"Gardevoir":"False",
		"Surskit":"False",
		"Masquerain":"False",
		"Shroomish":"False",
		"Breloom":"False",
		"Slakoth":"False",
		"Vigoroth":"False",
		"Slaking":"False",
		"Nincada":"False",
		"Ninjask":"False",
		"Shedinja":"False",
		"Whismur":"False",
		"Loudred":"False",
		"Exploud":"False",
		"Makuhita":"False",
		"Hariyama":"False",
		"Azurill":"False",
		"Nosepass":"False",
		"Skitty":"False",
		"Delcatty":"False",
		"Sableye":"False",
		"Mawile":"False",
		"Aron":"False",
		"Lairon":"False",
		"Aggron":"False",
		"Meditite":"False",
		"Medicham":"False",
		"Electrike":"False",
		"Manectric":"False",
		"Plusle":"False",
		"Minun":"False",
		"Volbeat":"False",
		"Illumise":"False",
		"Roselia":"False",
		"Gulpin":"False",
		"Swalot":"False",
		"Carvanha":"False",
		"Sharpedo":"False",
		"Wailmer":"False",
		"Wailord":"False",
		"Numel":"False",
		"Camerupt":"False",
		"Torkoal":"False",
		"Spoink":"False",
		"Grumpig":"False",
		"Spinda":"False",
		"Trapinch":"False",
		"Vibrava":"False",
		"Flygon":"False",
		"Cacnea":"False",
		"Cacturne":"False",
		"Swablu":"False",
		"Altaria":"False",
		"Zangoose":"False",
		"Seviper":"False",
		"Lunatone":"False",
		"Solrock":"False",
		"Barboach":"False",
		"Whiscash":"False",
		"Corphish":"False",
		"Crawdaunt":"False",
		"Baltoy":"False",
		"Claydol":"False",
		"Lileep":"False",
		"Cradily":"False",
		"Anorith":"False",
		"Armaldo":"False",
		"Feebas":"False",
		"Milotic":"False",
		"Castform":"False",
		"Kecleon":"False",
		"Shuppet":"False",
		"Banette":"False",
		"Duskull":"False",
		"Dusclops":"False",
		"Tropius":"False",
		"Chimecho":"False",
		"Absol":"False",
		"Wynaut":"False",
		"Snorunt":"False",
		"Glalie":"False",
		"Spheal":"False",
		"Sealeo":"False",
		"Walrein":"False",
		"Clamperl":"False",
		"Huntail":"False",
		"Gorebyss":"False",
		"Relicanth":"False",
		"Luvdisc":"False",
		"Bagon":"False",
		"Shelgon":"False",
		"Salamence":"False",
		"Beldum":"False",
		"Metang":"False",
		"Metagross":"False",
		"Regirock":"False",
		"Regice":"False",
		"Registeel":"False",
		"Latias":"False",
		"Latios":"False",
		"Kyogre":"False",
		"Groudon":"False",
		"Rayquaza":"False",
		"Jirachi":"False",
		"Deoxys":"False",
		"Turtwig":"False",
		"Grotle":"False",
		"Torterra":"False",
		"Chimchar":"False",
		"Monferno":"False",
		"Infernape":"False",
		"Piplup":"False",
		"Prinplup":"False",
		"Empoleon":"False",
		"Starly":"False",
		"Staravia":"False",
		"Staraptor":"False",
		"Bidoof":"False",
		"Bibarel":"False",
		"Kricketot":"False",
		"Kricketune":"False",
		"Shinx":"False",
		"Luxio":"False",
		"Luxray":"False",
		"Budew":"False",
		"Roserade":"False",
		"Cranidos":"False",
		"Rampardos":"False",
		"Shieldon":"False",
		"Bastiodon":"False",
		"Burmy":"False",
		"Wormadam":"False",
		"Mothim":"False",
		"Combee":"False",
		"Vespiquen":"False",
		"Pachirisu":"False",
		"Buizel":"False",
		"Floatzel":"False",
		"Cherubi":"False",
		"Cherrim":"False",
		"Shellos":"False",
		"Gastrodon":"False",
		"Ambipom":"False",
		"Drifloon":"False",
		"Drifblim":"False",
		"Buneary":"False",
		"Lopunny":"False",
		"Mismagius":"False",
		"Honchkrow":"False",
		"Glameow":"False",
		"Purugly":"False",
		"Chingling":"False",
		"Stunky":"False",
		"Skuntank":"False",
		"Bronzor":"False",
		"Bronzong":"False",
		"Bonsly":"False",
		"Mime:"False",
		Jr.":"False",
		"Happiny":"False",
		"Chatot":"False",
		"Spiritomb":"False",
		"Gible":"False",
		"Gabite":"False",
		"Garchomp":"False",
		"Munchlax":"False",
		"Riolu":"False",
		"Lucario":"False",
		"Hippopotas":"False",
		"Hippowdon":"False",
		"Skorupi":"False",
		"Drapion":"False",
		"Croagunk":"False",
		"Toxicroak":"False",
		"Carnivine":"False",
		"Finneon":"False",
		"Lumineon":"False",
		"Mantyke":"False",
		"Snover":"False",
		"Abomasnow":"False",
		"Weavile":"False",
		"Magnezone":"False",
		"Lickilicky":"False",
		"Rhyperior":"False",
		"Tangrowth":"False",
		"Electivire":"False",
		"Magmortar":"False",
		"Togekiss":"False",
		"Yanmega":"False",
		"Leafeon":"False",
		"Glaceon":"False",
		"Gliscor":"False",
		"Mamoswine":"False",
		"Porygon-Z":"False",
		"Gallade":"False",
		"Probopass":"False",
		"Dusknoir":"False",
		"Froslass":"False",
		"Rotom":"False",
		"Uxie":"False",
		"Mesprit":"False",
		"Azelf":"False",
		"Dialga":"False",
		"Palkia":"False",
		"Heatran":"False",
		"Regigigas":"False",
		"Giratina":"False",
		"Cresselia":"False",
		"Phione":"False",
		"Manaphy":"False",
		"Darkrai":"False",
		"Shaymin":"False",
		"Arceus":"False",
		"Victini":"False",
		"Snivy":"False",
		"Servine":"False",
		"Serperior":"False",
		"Tepig":"False",
		"Pignite":"False",
		"Emboar":"False",
		"Oshawott":"False",
		"Dewott":"False",
		"Samurott":"False",
		"Patrat":"False",
		"Watchog":"False",
		"Lillipup":"False",
		"Herdier":"False",
		"Stoutland":"False",
		"Purrloin":"False",
		"Liepard":"False",
		"Pansage":"False",
		"Simisage":"False",
		"Pansear":"False",
		"Simisear":"False",
		"Panpour":"False",
		"Simipour":"False",
		"Munna":"False",
		"Musharna":"False",
		"Pidove":"False",
		"Tranquill":"False",
		"Unfezant":"False",
		"Blitzle":"False",
		"Zebstrika":"False",
		"Roggenrola":"False",
		"Boldore":"False",
		"Gigalith":"False",
		"Woobat":"False",
		"Swoobat":"False",
		"Drilbur":"False",
		"Excadrill":"False",
		"Audino":"False",
		"Timburr":"False",
		"Gurdurr":"False",
		"Conkeldurr":"False",
		"Tympole":"False",
		"Palpitoad":"False",
		"Seismitoad":"False",
		"Throh":"False",
		"Sawk":"False",
		"Sewaddle":"False",
		"Swadloon":"False",
		"Leavanny":"False",
		"Venipede":"False",
		"Whirlipede":"False",
		"Scolipede":"False",
		"Cottonee":"False",
		"Whimsicott":"False",
		"Petilil":"False",
		"Lilligant":"False",
		"Basculin":"False",
		"Sandile":"False",
		"Krokorok":"False",
		"Krookodile":"False",
		"Darumaka":"False",
		"Darmanitan":"False",
		"Maractus":"False",
		"Dwebble":"False",
		"Crustle":"False",
		"Scraggy":"False",
		"Scrafty":"False",
		"Sigilyph":"False",
		"Yamask":"False",
		"Cofagrigus":"False",
		"Tirtouga":"False",
		"Carracosta":"False",
		"Archen":"False",
		"Archeops":"False",
		"Trubbish":"False",
		"Garbodor":"False",
		"Zorua":"False",
		"Zoroark":"False",
		"Minccino":"False",
		"Cinccino":"False",
		"Gothita":"False",
		"Gothorita":"False",
		"Gothitelle":"False",
		"Solosis":"False",
		"Duosion":"False",
		"Reuniclus":"False",
		"Ducklett":"False",
		"Swanna":"False",
		"Vanillite":"False",
		"Vanillish":"False",
		"Vanilluxe":"False",
		"Deerling":"False",
		"Sawsbuck":"False",
		"Emolga":"False",
		"Karrablast":"False",
		"Escavalier":"False",
		"Foongus":"False",
		"Amoonguss":"False",
		"Frillish":"False",
		"Jellicent":"False",
		"Alomomola":"False",
		"Joltik":"False",
		"Galvantula":"False",
		"Ferroseed":"False",
		"Ferrothorn":"False",
		"Klink":"False",
		"Klang":"False",
		"Klinklang":"False",
		"Tynamo":"False",
		"Eelektrik":"False",
		"Eelektross":"False",
		"Elgyem":"False",
		"Beheeyem":"False",
		"Litwick":"False",
		"Lampent":"False",
		"Chandelure":"False",
		"Axew":"False",
		"Fraxure":"False",
		"Haxorus":"False",
		"Cubchoo":"False",
		"Beartic":"False",
		"Cryogonal":"False",
		"Shelmet":"False",
		"Accelgor":"False",
		"Stunfisk":"False",
		"Mienfoo":"False",
		"Mienshao":"False",
		"Druddigon":"False",
		"Golett":"False",
		"Golurk":"False",
		"Pawniard":"False",
		"Bisharp":"False",
		"Bouffalant":"False",
		"Rufflet":"False",
		"Braviary":"False",
		"Vullaby":"False",
		"Mandibuzz":"False",
		"Heatmor":"False",
		"Durant":"False",
		"Deino":"False",
		"Zweilous":"False",
		"Hydreigon":"False",
		"Larvesta":"False",
		"Volcarona":"False",
		"Cobalion":"False",
		"Terrakion":"False",
		"Virizion":"False",
		"Tornadus":"False",
		"Thundurus":"False",
		"Reshiram":"False",
		"Zekrom":"False",
		"Landorus":"False",
		"Kyurem":"False",
		"Keldeo":"False",
		"Meloetta":"False",
		"Genesect":"False",
		"Chespin":"False",
		"Quilladin":"False",
		"Chesnaught":"False",
		"Fennekin":"False",
		"Braixen":"False",
		"Delphox":"False",
		"Froakie":"False",
		"Frogadier":"False",
		"Greninja":"False",
		"Bunnelby":"False",
		"Diggersby":"False",
		"Fletchling":"False",
		"Fletchinder":"False",
		"Talonflame":"False",
		"Scatterbug":"False",
		"Spewpa":"False",
		"Vivillon":"False",
		"Litleo":"False",
		"Pyroar":"False",
		"Flabébé":"False",
		"Floette":"False",
		"Florges":"False",
		"Skiddo":"False",
		"Gogoat":"False",
		"Pancham":"False",
		"Pangoro":"False",
		"Furfrou":"False",
		"Espurr":"False",
		"Meowstic":"False",
		"Honedge":"False",
		"Doublade":"False",
		"Aegislash":"False",
		"Spritzee":"False",
		"Aromatisse":"False",
		"Swirlix":"False",
		"Slurpuff":"False",
		"Inkay":"False",
		"Malamar":"False",
		"Binacle":"False",
		"Barbaracle":"False",
		"Skrelp":"False",
		"Dragalge":"False",
		"Clauncher":"False",
		"Clawitzer":"False",
		"Helioptile":"False",
		"Heliolisk":"False",
		"Tyrunt":"False",
		"Tyrantrum":"False",
		"Amaura":"False",
		"Aurorus":"False",
		"Sylveon":"False",
		"Hawlucha":"False",
		"Dedenne":"False",
		"Carbink":"False",
		"Goomy":"False",
		"Sliggoo":"False",
		"Goodra":"False",
		"Klefki":"False",
		"Phantump":"False",
		"Trevenant":"False",
		"Pumpkaboo":"False",
		"Gourgeist":"False",
		"Bergmite":"False",
		"Avalugg":"False",
		"Noibat":"False",
		"Noivern":"False",
		"Xerneas":"False",
		"Yveltal":"False",
		"Zygarde":"False",
		"Diancie":"False",
		"Hoopa":"False",
		"Volcanion":"False",
{
	"alarms":[
	],
	"pokemon":{
		"奇異種子":"False",
		"奇異草":"False",
		"奇異花":"False",
		"小火龍":"False",
		"火恐龍":"False",
		"噴火龍":"False",
		"車厘龜":"False",
		"卡美龜":"False",
		"水箭龜":"False",
		"綠毛蟲":"False",
		"鐵甲蟲":"False",
		"巴他蝶":"False",
		"獨角蟲":"False",
		"鐵殼蛹":"False",
		"大針蜂":"False",
		"波波":"False",
		"比比鳥":"False",
		"大比鳥":"False",
		"小哥達":"False",
		"哥達":"False",
		"鬼雀":"False",
		"魔雀":"False",
		"阿柏蛇":"False",
		"阿柏怪":"False",
		"比卡超":"False",
		"雷超":"False",
		"穿山鼠":"False",
		"穿山王":"False",
		"尼美蘭":"False",
		"尼美蘿":"False",
		"尼美后":"False",
		"尼多郎":"False",
		"尼多利":"False",
		"尼多王":"False",
		"皮皮":"False",
		"皮可斯":"False",
		"六尾":"False",
		"九尾":"False",
		"波波球":"False",
		"肥波球":"False",
		"波音蝠":"False",
		"大口蝠":"False",
		"行路草":"False",
		"怪味花":"False",
		"霸王花":"False",
		"蘑菇蟲":"False",
		"巨菇蟲":"False",
		"毛毛蟲":"False",
		"魔魯風":"False",
		"地鼠":"False",
		"三頭地鼠":"False",
		"喵喵怪":"False",
		"高竇貓":"False",
		"傻鴨":"False",
		"高超鴨":"False",
		"猴怪":"False",
		"火爆猴":"False",
		"護主犬":"False",
		"奉神犬":"False",
		"蚊香蝌蚪":"False",
		"蚊香蛙":"False",
		"大力蛙":"False",
		"卡斯":"False",
		"尤基納":"False",
		"富迪":"False",
		"鐵腕":"False",
		"大力":"False",
		"怪力":"False",
		"喇叭芽":"False",
		"口呆花":"False",
		"大食花":"False",
		"大眼水母":"False",
		"多腳水母":"False",
		"小拳石":"False",
		"滾動石":"False",
		"滾動岩":"False",
		"小火馬":"False",
		"烈焰馬":"False",
		"小呆獸":"False",
		"大呆獸":"False",
		"小磁怪":"False",
		"三合一磁怪":"False",
		"火蔥鴨":"False",
		"多多":"False",
		"多多利":"False",
		"小海獅":"False",
		"白海獅":"False",
		"爛泥怪":"False",
		"爛泥獸":"False",
		"貝殼怪":"False",
		"鐵甲貝":"False",
		"鬼斯":"False",
		"鬼斯通":"False",
		"耿鬼":"False",
		"大岩蛇":"False",
		"食夢獸":"False",
		"催眠獸":"False",
		"大鉗蟹":"False",
		"巨鉗蟹":"False",
		"霹靂蛋":"False",
		"雷霆蛋":"False",
		"蛋蛋":"False",
		"椰樹獸":"False",
		"卡拉卡拉":"False",
		"格拉格拉":"False",
		"沙古拉":"False",
		"比華拉":"False",
		"大舌頭":"False",
		"毒氣丸":"False",
		"毒氣雙子":"False",
		"鐵甲犀牛":"False",
		"鐵甲暴龍":"False",
		"吉利蛋":"False",
		"長籐怪":"False",
		"袋獸":"False",
		"噴墨海馬":"False",
		"飛刺海馬":"False",
		"獨角金魚":"False",
		"金魚王":"False",
		"海星星":"False",
		"寶石海星":"False",
		"吸盤小丑":"False",
		"飛天螳螂":"False",
		"紅唇娃":"False",
		"電擊獸":"False",
		"鴨嘴火龍":"False",
		"鉗刀甲蟲":"False",
		"大隻牛":"False",
		"鯉魚王":"False",
		"鯉魚龍":"False",
		"背背龍":"False",
		"百變怪":"False",
		"伊貝":"False",
		"水伊貝":"False",
		"雷伊貝":"False",
		"火伊貝":"False",
		"立方獸":"False",
		"菊石獸":"False",
		"多刺菊石獸":"False",
		"萬年蟲":"False",
		"鐮刀蟲":"False",
		"化石飛龍":"False",
		"卡比獸":"False",
		"急凍鳥":"False",
		"雷鳥":"False",
		"火鳥":"False",
		"迷你龍":"False",
		"哈古龍":"False",
		"啟暴龍":"False",
		"超夢夢":"False",
		"夢夢":"False",
		"Chikorita":"False",
		"Bayleef":"False",
		"Meganium":"False",
		"Cyndaquil":"False",
		"Quilava":"False",
		"Typhlosion":"False",
		"Totodile":"False",
		"Croconaw":"False",
		"Feraligatr":"False",
		"Sentret":"False",
		"Furret":"False",
		"Hoothoot":"False",
		"Noctowl":"False",
		"Ledyba":"False",
		"Ledian":"False",
		"Spinarak":"False",
		"Ariados":"False",
		"Crobat":"False",
		"Chinchou":"False",
		"Lanturn":"False",
		"Pichu":"False",
		"Cleffa":"False",
		"Igglybuff":"False",
		"Togepi":"False",
		"Togetic":"False",
		"Natu":"False",
		"Xatu":"False",
		"Mareep":"False",
		"Flaaffy":"False",
		"Ampharos":"False",
		"Bellossom":"False",
		"Marill":"False",
		"Azumarill":"False",
		"Sudowoodo":"False",
		"Politoed":"False",
		"Hoppip":"False",
		"Skiploom":"False",
		"Jumpluff":"False",
		"Aipom":"False",
		"Sunkern":"False",
		"Sunflora":"False",
		"Yanma":"False",
		"Wooper":"False",
		"Quagsire":"False",
		"Espeon":"False",
		"Umbreon":"False",
		"Murkrow":"False",
		"Slowking":"False",
		"Misdreavus":"False",
		"Unown":"False",
		"Wobbuffet":"False",
		"Girafarig":"False",
		"Pineco":"False",
		"Forretress":"False",
		"Dunsparce":"False",
		"Gligar":"False",
		"Steelix":"False",
		"Snubbull":"False",
		"Granbull":"False",
		"Qwilfish":"False",
		"Scizor":"False",
		"Shuckle":"False",
		"Heracross":"False",
		"Sneasel":"False",
		"Teddiursa":"False",
		"Ursaring":"False",
		"Slugma":"False",
		"Magcargo":"False",
		"Swinub":"False",
		"Piloswine":"False",
		"Corsola":"False",
		"Remoraid":"False",
		"Octillery":"False",
		"Delibird":"False",
		"Mantine":"False",
		"Skarmory":"False",
		"Houndour":"False",
		"Houndoom":"False",
		"Kingdra":"False",
		"Phanpy":"False",
		"Donphan":"False",
		"Porygon2":"False",
		"Stantler":"False",
		"Smeargle":"False",
		"Tyrogue":"False",
		"Hitmontop":"False",
		"Smoochum":"False",
		"Elekid":"False",
		"Magby":"False",
		"Miltank":"False",
		"Blissey":"False",
		"Raikou":"False",
		"Entei":"False",
		"Suicune":"False",
		"Larvitar":"False",
		"Pupitar":"False",
		"Tyranitar":"False",
		"Lugia":"False",
		"Ho-Oh":"False",
		"Celebi":"False",
		"Treecko":"False",
		"Grovyle":"False",
		"Sceptile":"False",
		"Torchic":"False",
		"Combusken":"False",
		"Blaziken":"False",
		"Mudkip":"False",
		"Marshtomp":"False",
		"Swampert":"False",
		"Poochyena":"False",
		"Mightyena":"False",
		"Zigzagoon":"False",
		"Linoone":"False",
		"Wurmple":"False",
		"Silcoon":"False",
		"Beautifly":"False",
		"Cascoon":"False",
		"Dustox":"False",
		"Lotad":"False",
		"Lombre":"False",
		"Ludicolo":"False",
		"Seedot":"False",
		"Nuzleaf":"False",
		"Shiftry":"False",
		"Taillow":"False",
		"Swellow":"False",
		"Wingull":"False",
		"Pelipper":"False",
		"Ralts":"False",
		"Kirlia":"False",
		"Gardevoir":"False",
		"Surskit":"False",
		"Masquerain":"False",
		"Shroomish":"False",
		"Breloom":"False",
		"Slakoth":"False",
		"Vigoroth":"False",
		"Slaking":"False",
		"Nincada":"False",
		"Ninjask":"False",
		"Shedinja":"False",
		"Whismur":"False",
		"Loudred":"False",
		"Exploud":"False",
		"Makuhita":"False",
		"Hariyama":"False",
		"Azurill":"False",
		"Nosepass":"False",
		"Skitty":"False",
		"Delcatty":"False",
		"Sableye":"False",
		"Mawile":"False",
		"Aron":"False",
		"Lairon":"False",
		"Aggron":"False",
		"Meditite":"False",
		"Medicham":"False",
		"Electrike":"False",
		"Manectric":"False",
		"Plusle":"False",
		"Minun":"False",
		"Volbeat":"False",
		"Illumise":"False",
		"Roselia":"False",
		"Gulpin":"False",
		"Swalot":"False",
		"Carvanha":"False",
		"Sharpedo":"False",
		"Wailmer":"False",
		"Wailord":"False",
		"Numel":"False",
		"Camerupt":"False",
		"Torkoal":"False",
		"Spoink":"False",
		"Grumpig":"False",
		"Spinda":"False",
		"Trapinch":"False",
		"Vibrava":"False",
		"Flygon":"False",
		"Cacnea":"False",
		"Cacturne":"False",
		"Swablu":"False",
		"Altaria":"False",
		"Zangoose":"False",
		"Seviper":"False",
		"Lunatone":"False",
		"Solrock":"False",
		"Barboach":"False",
		"Whiscash":"False",
		"Corphish":"False",
		"Crawdaunt":"False",
		"Baltoy":"False",
		"Claydol":"False",
		"Lileep":"False",
		"Cradily":"False",
		"Anorith":"False",
		"Armaldo":"False",
		"Feebas":"False",
		"Milotic":"False",
		"Castform":"False",
		"Kecleon":"False",
		"Shuppet":"False",
		"Banette":"False",
		"Duskull":"False",
		"Dusclops":"False",
		"Tropius":"False",
		"Chimecho":"False",
		"Absol":"False",
		"Wynaut":"False",
		"Snorunt":"False",
		"Glalie":"False",
		"Spheal":"False",
		"Sealeo":"False",
		"Walrein":"False",
		"Clamperl":"False",
		"Huntail":"False",
		"Gorebyss":"False",
		"Relicanth":"False",
		"Luvdisc":"False",
		"Bagon":"False",
		"Shelgon":"False",
		"Salamence":"False",
		"Beldum":"False",
		"Metang":"False",
		"Metagross":"False",
		"Regirock":"False",
		"Regice":"False",
		"Registeel":"False",
		"Latias":"False",
		"Latios":"False",
		"Kyogre":"False",
		"Groudon":"False",
		"Rayquaza":"False",
		"Jirachi":"False",
		"Deoxys":"False",
		"Turtwig":"False",
		"Grotle":"False",
		"Torterra":"False",
		"Chimchar":"False",
		"Monferno":"False",
		"Infernape":"False",
		"Piplup":"False",
		"Prinplup":"False",
		"Empoleon":"False",
		"Starly":"False",
		"Staravia":"False",
		"Staraptor":"False",
		"Bidoof":"False",
		"Bibarel":"False",
		"Kricketot":"False",
		"Kricketune":"False",
		"Shinx":"False",
		"Luxio":"False",
		"Luxray":"False",
		"Budew":"False",
		"Roserade":"False",
		"Cranidos":"False",
		"Rampardos":"False",
		"Shieldon":"False",
		"Bastiodon":"False",
		"Burmy":"False",
		"Wormadam":"False",
		"Mothim":"False",
		"Combee":"False",
		"Vespiquen":"False",
		"Pachirisu":"False",
		"Buizel":"False",
		"Floatzel":"False",
		"Cherubi":"False",
		"Cherrim":"False",
		"Shellos":"False",
		"Gastrodon":"False",
		"Ambipom":"False",
		"Drifloon":"False",
		"Drifblim":"False",
		"Buneary":"False",
		"Lopunny":"False",
		"Mismagius":"False",
		"Honchkrow":"False",
		"Glameow":"False",
		"Purugly":"False",
		"Chingling":"False",
		"Stunky":"False",
		"Skuntank":"False",
		"Bronzor":"False",
		"Bronzong":"False",
		"Bonsly":"False",
		"Mime:"False",
		Jr.":"False",
		"Happiny":"False",
		"Chatot":"False",
		"Spiritomb":"False",
		"Gible":"False",
		"Gabite":"False",
		"Garchomp":"False",
		"Munchlax":"False",
		"Riolu":"False",
		"Lucario":"False",
		"Hippopotas":"False",
		"Hippowdon":"False",
		"Skorupi":"False",
		"Drapion":"False",
		"Croagunk":"False",
		"Toxicroak":"False",
		"Carnivine":"False",
		"Finneon":"False",
		"Lumineon":"False",
		"Mantyke":"False",
		"Snover":"False",
		"Abomasnow":"False",
		"Weavile":"False",
		"Magnezone":"False",
		"Lickilicky":"False",
		"Rhyperior":"False",
		"Tangrowth":"False",
		"Electivire":"False",
		"Magmortar":"False",
		"Togekiss":"False",
		"Yanmega":"False",
		"Leafeon":"False",
		"Glaceon":"False",
		"Gliscor":"False",
		"Mamoswine":"False",
		"Porygon-Z":"False",
		"Gallade":"False",
		"Probopass":"False",
		"Dusknoir":"False",
		"Froslass":"False",
		"Rotom":"False",
		"Uxie":"False",
		"Mesprit":"False",
		"Azelf":"False",
		"Dialga":"False",
		"Palkia":"False",
		"Heatran":"False",
		"Regigigas":"False",
		"Giratina":"False",
		"Cresselia":"False",
		"Phione":"False",
		"Manaphy":"False",
		"Darkrai":"False",
		"Shaymin":"False",
		"Arceus":"False",
		"Victini":"False",
		"Snivy":"False",
		"Servine":"False",
		"Serperior":"False",
		"Tepig":"False",
		"Pignite":"False",
		"Emboar":"False",
		"Oshawott":"False",
		"Dewott":"False",
		"Samurott":"False",
		"Patrat":"False",
		"Watchog":"False",
		"Lillipup":"False",
		"Herdier":"False",
		"Stoutland":"False",
		"Purrloin":"False",
		"Liepard":"False",
		"Pansage":"False",
		"Simisage":"False",
		"Pansear":"False",
		"Simisear":"False",
		"Panpour":"False",
		"Simipour":"False",
		"Munna":"False",
		"Musharna":"False",
		"Pidove":"False",
		"Tranquill":"False",
		"Unfezant":"False",
		"Blitzle":"False",
		"Zebstrika":"False",
		"Roggenrola":"False",
		"Boldore":"False",
		"Gigalith":"False",
		"Woobat":"False",
		"Swoobat":"False",
		"Drilbur":"False",
		"Excadrill":"False",
		"Audino":"False",
		"Timburr":"False",
		"Gurdurr":"False",
		"Conkeldurr":"False",
		"Tympole":"False",
		"Palpitoad":"False",
		"Seismitoad":"False",
		"Throh":"False",
		"Sawk":"False",
		"Sewaddle":"False",
		"Swadloon":"False",
		"Leavanny":"False",
		"Venipede":"False",
		"Whirlipede":"False",
		"Scolipede":"False",
		"Cottonee":"False",
		"Whimsicott":"False",
		"Petilil":"False",
		"Lilligant":"False",
		"Basculin":"False",
		"Sandile":"False",
		"Krokorok":"False",
		"Krookodile":"False",
		"Darumaka":"False",
		"Darmanitan":"False",
		"Maractus":"False",
		"Dwebble":"False",
		"Crustle":"False",
		"Scraggy":"False",
		"Scrafty":"False",
		"Sigilyph":"False",
		"Yamask":"False",
		"Cofagrigus":"False",
		"Tirtouga":"False",
		"Carracosta":"False",
		"Archen":"False",
		"Archeops":"False",
		"Trubbish":"False",
		"Garbodor":"False",
		"Zorua":"False",
		"Zoroark":"False",
		"Minccino":"False",
		"Cinccino":"False",
		"Gothita":"False",
		"Gothorita":"False",
		"Gothitelle":"False",
		"Solosis":"False",
		"Duosion":"False",
		"Reuniclus":"False",
		"Ducklett":"False",
		"Swanna":"False",
		"Vanillite":"False",
		"Vanillish":"False",
		"Vanilluxe":"False",
		"Deerling":"False",
		"Sawsbuck":"False",
		"Emolga":"False",
		"Karrablast":"False",
		"Escavalier":"False",
		"Foongus":"False",
		"Amoonguss":"False",
		"Frillish":"False",
		"Jellicent":"False",
		"Alomomola":"False",
		"Joltik":"False",
		"Galvantula":"False",
		"Ferroseed":"False",
		"Ferrothorn":"False",
		"Klink":"False",
		"Klang":"False",
		"Klinklang":"False",
		"Tynamo":"False",
		"Eelektrik":"False",
		"Eelektross":"False",
		"Elgyem":"False",
		"Beheeyem":"False",
		"Litwick":"False",
		"Lampent":"False",
		"Chandelure":"False",
		"Axew":"False",
		"Fraxure":"False",
		"Haxorus":"False",
		"Cubchoo":"False",
		"Beartic":"False",
		"Cryogonal":"False",
		"Shelmet":"False",
		"Accelgor":"False",
		"Stunfisk":"False",
		"Mienfoo":"False",
		"Mienshao":"False",
		"Druddigon":"False",
		"Golett":"False",
		"Golurk":"False",
		"Pawniard":"False",
		"Bisharp":"False",
		"Bouffalant":"False",
		"Rufflet":"False",
		"Braviary":"False",
		"Vullaby":"False",
		"Mandibuzz":"False",
		"Heatmor":"False",
		"Durant":"False",
		"Deino":"False",
		"Zweilous":"False",
		"Hydreigon":"False",
		"Larvesta":"False",
		"Volcarona":"False",
		"Cobalion":"False",
		"Terrakion":"False",
		"Virizion":"False",
		"Tornadus":"False",
		"Thundurus":"False",
		"Reshiram":"False",
		"Zekrom":"False",
		"Landorus":"False",
		"Kyurem":"False",
		"Keldeo":"False",
		"Meloetta":"False",
		"Genesect":"False",
		"Chespin":"False",
		"Quilladin":"False",
		"Chesnaught":"False",
		"Fennekin":"False",
		"Braixen":"False",
		"Delphox":"False",
		"Froakie":"False",
		"Frogadier":"False",
		"Greninja":"False",
		"Bunnelby":"False",
		"Diggersby":"False",
		"Fletchling":"False",
		"Fletchinder":"False",
		"Talonflame":"False",
		"Scatterbug":"False",
		"Spewpa":"False",
		"Vivillon":"False",
		"Litleo":"False",
		"Pyroar":"False",
		"Flabébé":"False",
		"Floette":"False",
		"Florges":"False",
		"Skiddo":"False",
		"Gogoat":"False",
		"Pancham":"False",
		"Pangoro":"False",
		"Furfrou":"False",
		"Espurr":"False",
		"Meowstic":"False",
		"Honedge":"False",
		"Doublade":"False",
		"Aegislash":"False",
		"Spritzee":"False",
		"Aromatisse":"False",
		"Swirlix":"False",
		"Slurpuff":"False",
		"Inkay":"False",
		"Malamar":"False",
		"Binacle":"False",
		"Barbaracle":"False",
		"Skrelp":"False",
		"Dragalge":"False",
		"Clauncher":"False",
		"Clawitzer":"False",
		"Helioptile":"False",
		"Heliolisk":"False",
		"Tyrunt":"False",
		"Tyrantrum":"False",
		"Amaura":"False",
		"Aurorus":"False",
		"Sylveon":"False",
		"Hawlucha":"False",
		"Dedenne":"False",
		"Carbink":"False",
		"Goomy":"False",
		"Sliggoo":"False",
		"Goodra":"False",
		"Klefki":"False",
		"Phantump":"False",
		"Trevenant":"False",
		"Pumpkaboo":"False",
		"Gourgeist":"False",
		"Bergmite":"False",
		"Avalugg":"False",
		"Noibat":"False",
		"Noivern":"False",
		"Xerneas":"False",
		"Yveltal":"False",
		"Zygarde":"False",
		"Diancie":"False",
		"Hoopa":"False",
		"Volcanion":"False"
	}
}
